{
    "mode": "single-single",
    "train_size": 625,
    "train_gen": "stable_diffusion_v_1_4",
    "test_gen": "glide",
    "seed": 42,
    "model_type": "LatentTrajectoryClassifier",
    "clip_type": "convnext_base_in22k",
    "checkpoint_epoch": 11,
    "checkpoint_best_acc": 0.8031818181818182,
    "checkpoint_best_auc": 0.8730471074380165,
    "metrics": {
        "accuracy": 0.5049142857142858,
        "precision": 0.5811320754716981,
        "recall": 0.0352,
        "f1": 0.06637931034482758,
        "roc_auc": 0.5535432359183674,
        "ap": 0.5448038400462141,
        "best_accuracy": 0.5150857142857143,
        "best_threshold": 0.01,
        "real_accuracy": 0.9746285714285714,
        "fake_accuracy": 0.0352,
        "n_test": 35000
    },
    "timestamp": "2025-12-14T15:05:47.643211"
}