{
    "mode": "single-single",
    "train_size": 300,
    "train_gen": "wukong",
    "test_gen": "Midjourney",
    "seed": 42,
    "model_type": "LatentTrajectoryClassifier",
    "clip_type": "convnext_base_in22k",
    "checkpoint_epoch": 2,
    "checkpoint_best_acc": 0.7490909090909091,
    "checkpoint_best_auc": 0.8270363636363637,
    "metrics": {
        "accuracy": 0.5389714285714285,
        "precision": 0.765990639625585,
        "recall": 0.11222857142857143,
        "f1": 0.19577352472089316,
        "roc_auc": 0.6186542497959184,
        "ap": 0.6230474444732806,
        "best_accuracy": 0.5772571428571428,
        "best_threshold": 0.01,
        "real_accuracy": 0.9657142857142857,
        "fake_accuracy": 0.11222857142857143,
        "n_test": 35000
    },
    "timestamp": "2025-12-14T14:38:38.877675"
}