{
    "mode": "single-single",
    "train_size": 150,
    "train_gen": "VQDM",
    "test_gen": "stable_diffusion_v_1_5",
    "seed": 42,
    "model_type": "LatentTrajectoryClassifier",
    "clip_type": "convnext_base_in22k",
    "checkpoint_epoch": 12,
    "checkpoint_best_acc": 0.8745454545454545,
    "checkpoint_best_auc": 0.9439355371900826,
    "metrics": {
        "accuracy": 0.49897142857142857,
        "precision": 0.4720496894409938,
        "recall": 0.017371428571428572,
        "f1": 0.03350970017636684,
        "roc_auc": 0.5049475134693878,
        "ap": 0.4952943016770686,
        "best_accuracy": 0.5001142857142857,
        "best_threshold": 0.56,
        "real_accuracy": 0.9805714285714285,
        "fake_accuracy": 0.017371428571428572,
        "n_test": 35000
    },
    "timestamp": "2025-12-14T14:24:16.900344"
}