{
    "mode": "single-single",
    "train_size": 150,
    "train_gen": "glide",
    "test_gen": "Midjourney",
    "seed": 42,
    "model_type": "LatentTrajectoryClassifier",
    "clip_type": "convnext_base_in22k",
    "checkpoint_epoch": 7,
    "checkpoint_best_acc": 0.9836363636363636,
    "checkpoint_best_auc": 0.9968466942148762,
    "metrics": {
        "accuracy": 0.4982857142857143,
        "precision": 0.4157303370786517,
        "recall": 0.008457142857142858,
        "f1": 0.016577060931899642,
        "roc_auc": 0.67551104,
        "ap": 0.635122094155666,
        "best_accuracy": 0.5033142857142857,
        "best_threshold": 0.01,
        "real_accuracy": 0.9881142857142857,
        "fake_accuracy": 0.008457142857142858,
        "n_test": 35000
    },
    "timestamp": "2025-12-14T12:33:23.811805"
}