{
    "mode": "single-single",
    "train_size": 625,
    "train_gen": "VQDM",
    "test_gen": "VQDM",
    "seed": 42,
    "model_type": "LatentTrajectoryClassifier",
    "clip_type": "convnext_base_in22k",
    "checkpoint_epoch": 4,
    "checkpoint_best_acc": 0.9527272727272728,
    "checkpoint_best_auc": 0.9876280991735538,
    "metrics": {
        "accuracy": 0.8668571428571429,
        "precision": 0.9878419452887538,
        "recall": 0.7428571428571429,
        "f1": 0.8480104370515329,
        "roc_auc": 0.9897334073469387,
        "ap": 0.9886876026378272,
        "best_accuracy": 0.9494857142857143,
        "best_threshold": 0.01,
        "real_accuracy": 0.9908571428571429,
        "fake_accuracy": 0.7428571428571429,
        "n_test": 35000
    },
    "timestamp": "2025-12-14T14:50:48.626539"
}