{
    "mode": "single-single",
    "train_size": 625,
    "train_gen": "ADM",
    "test_gen": "BigGAN",
    "seed": 42,
    "model_type": "LatentTrajectoryClassifier",
    "clip_type": "convnext_base_in22k",
    "checkpoint_epoch": 8,
    "checkpoint_best_acc": 0.9836363636363636,
    "checkpoint_best_auc": 0.9979107438016529,
    "metrics": {
        "accuracy": 0.7894857142857142,
        "precision": 0.9899419729206963,
        "recall": 0.5849142857142857,
        "f1": 0.7353448275862069,
        "roc_auc": 0.9889010416326531,
        "ap": 0.9850004860918193,
        "best_accuracy": 0.9228571428571428,
        "best_threshold": 0.01,
        "real_accuracy": 0.9940571428571429,
        "fake_accuracy": 0.5849142857142857,
        "n_test": 35000
    },
    "timestamp": "2025-12-14T15:05:35.276884"
}