{
    "mode": "single-single",
    "train_size": 625,
    "train_gen": "wukong",
    "test_gen": "stable_diffusion_v_1_5",
    "seed": 42,
    "model_type": "LatentTrajectoryClassifier",
    "clip_type": "convnext_base_in22k",
    "checkpoint_epoch": 1,
    "checkpoint_best_acc": 0.7990909090909091,
    "checkpoint_best_auc": 0.8369619834710743,
    "metrics": {
        "accuracy": 0.6665142857142857,
        "precision": 0.8922994076467421,
        "recall": 0.37874285714285716,
        "f1": 0.5317715019255456,
        "roc_auc": 0.7837970808163265,
        "ap": 0.8086638579393889,
        "best_accuracy": 0.7177142857142857,
        "best_threshold": 0.01,
        "real_accuracy": 0.9542857142857143,
        "fake_accuracy": 0.37874285714285716,
        "n_test": 35000
    },
    "timestamp": "2025-12-14T14:58:14.278694"
}