{
    "mode": "single-single",
    "train_size": 150,
    "train_gen": "BigGAN",
    "test_gen": "VQDM",
    "seed": 42,
    "model_type": "LatentTrajectoryClassifier",
    "clip_type": "convnext_base_in22k",
    "checkpoint_epoch": 2,
    "checkpoint_best_acc": 0.99,
    "checkpoint_best_auc": 0.9967851239669422,
    "metrics": {
        "accuracy": 0.5477714285714286,
        "precision": 0.9390756302521008,
        "recall": 0.10217142857142857,
        "f1": 0.18429189857761286,
        "roc_auc": 0.8369689599999999,
        "ap": 0.8430671886402461,
        "best_accuracy": 0.5790857142857143,
        "best_threshold": 0.01,
        "real_accuracy": 0.9933714285714286,
        "fake_accuracy": 0.10217142857142857,
        "n_test": 35000
    },
    "timestamp": "2025-12-14T11:42:24.142654"
}