{
    "mode": "single-single",
    "train_size": 625,
    "train_gen": "VQDM",
    "test_gen": "ADM",
    "seed": 42,
    "model_type": "LatentTrajectoryClassifier",
    "clip_type": "convnext_base_in22k",
    "checkpoint_epoch": 4,
    "checkpoint_best_acc": 0.9527272727272728,
    "checkpoint_best_auc": 0.9876280991735538,
    "metrics": {
        "accuracy": 0.7019428571428571,
        "precision": 0.9706979222163026,
        "recall": 0.41645714285714286,
        "f1": 0.582853486884197,
        "roc_auc": 0.9615222857142857,
        "ap": 0.952861073263784,
        "best_accuracy": 0.8426285714285714,
        "best_threshold": 0.01,
        "real_accuracy": 0.9874285714285714,
        "fake_accuracy": 0.41645714285714286,
        "n_test": 35000
    },
    "timestamp": "2025-12-14T15:02:12.095100"
}