{
    "mode": "single-single",
    "train_size": 625,
    "train_gen": "stable_diffusion_v_1_5",
    "test_gen": "BigGAN",
    "seed": 42,
    "model_type": "LatentTrajectoryClassifier",
    "clip_type": "convnext_base_in22k",
    "checkpoint_epoch": 5,
    "checkpoint_best_acc": 0.7440909090909091,
    "checkpoint_best_auc": 0.8143834710743801,
    "metrics": {
        "accuracy": 0.4942857142857143,
        "precision": 0.20930232558139536,
        "recall": 0.004114285714285714,
        "f1": 0.008069939475453935,
        "roc_auc": 0.6859546906122449,
        "ap": 0.6064755560895401,
        "best_accuracy": 0.5155428571428572,
        "best_threshold": 0.01,
        "real_accuracy": 0.9844571428571428,
        "fake_accuracy": 0.004114285714285714,
        "n_test": 35000
    },
    "timestamp": "2025-12-14T15:03:56.803990"
}