{
    "mode": "single-single",
    "train_size": 300,
    "train_gen": "Midjourney",
    "test_gen": "stable_diffusion_v_1_4",
    "seed": 42,
    "model_type": "LatentTrajectoryClassifier",
    "clip_type": "convnext_base_in22k",
    "checkpoint_epoch": 14,
    "checkpoint_best_acc": 0.6959090909090909,
    "checkpoint_best_auc": 0.748592561983471,
    "metrics": {
        "accuracy": 0.5772571428571428,
        "precision": 0.7704,
        "recall": 0.2201142857142857,
        "f1": 0.3424,
        "roc_auc": 0.6775242710204081,
        "ap": 0.6840962453227976,
        "best_accuracy": 0.6148571428571429,
        "best_threshold": 0.01,
        "real_accuracy": 0.9344,
        "fake_accuracy": 0.2201142857142857,
        "n_test": 35000
    },
    "timestamp": "2025-12-14T16:29:50.772889"
}