{
    "mode": "single-single",
    "train_size": 150,
    "train_gen": "BigGAN",
    "test_gen": "glide",
    "seed": 42,
    "model_type": "LatentTrajectoryClassifier",
    "clip_type": "convnext_base_in22k",
    "checkpoint_epoch": 2,
    "checkpoint_best_acc": 0.99,
    "checkpoint_best_auc": 0.9967851239669422,
    "metrics": {
        "accuracy": 0.6147428571428571,
        "precision": 0.976280834914611,
        "recall": 0.2352,
        "f1": 0.37907533615767175,
        "roc_auc": 0.9796246465306122,
        "ap": 0.970242768144524,
        "best_accuracy": 0.7369142857142857,
        "best_threshold": 0.01,
        "real_accuracy": 0.9942857142857143,
        "fake_accuracy": 0.2352,
        "n_test": 35000
    },
    "timestamp": "2025-12-14T11:28:45.006579"
}