{
    "mode": "single-single",
    "train_size": 150,
    "train_gen": "glide",
    "test_gen": "wukong",
    "seed": 42,
    "model_type": "LatentTrajectoryClassifier",
    "clip_type": "convnext_base_in22k",
    "checkpoint_epoch": 7,
    "checkpoint_best_acc": 0.9836363636363636,
    "checkpoint_best_auc": 0.9968466942148762,
    "metrics": {
        "accuracy": 0.49405714285714286,
        "precision": 0.05172413793103448,
        "recall": 0.0006857142857142857,
        "f1": 0.0013534852244529664,
        "roc_auc": 0.5704386612244898,
        "ap": 0.5157077831252131,
        "best_accuracy": 0.5,
        "best_threshold": 0.0,
        "real_accuracy": 0.9874285714285714,
        "fake_accuracy": 0.0006857142857142857,
        "n_test": 35000
    },
    "timestamp": "2025-12-14T12:44:31.496381"
}