{
    "mode": "single-single",
    "train_size": 300,
    "train_gen": "wukong",
    "test_gen": "wukong",
    "seed": 42,
    "model_type": "LatentTrajectoryClassifier",
    "clip_type": "convnext_base_in22k",
    "checkpoint_epoch": 2,
    "checkpoint_best_acc": 0.7490909090909091,
    "checkpoint_best_auc": 0.8270363636363637,
    "metrics": {
        "accuracy": 0.6522285714285714,
        "precision": 0.9090909090909091,
        "recall": 0.3382857142857143,
        "f1": 0.49308678993836413,
        "roc_auc": 0.8044237844897959,
        "ap": 0.8160745808986277,
        "best_accuracy": 0.7283428571428572,
        "best_threshold": 0.01,
        "real_accuracy": 0.9661714285714286,
        "fake_accuracy": 0.3382857142857143,
        "n_test": 35000
    },
    "timestamp": "2025-12-14T16:26:22.777685"
}