{
    "mode": "single-single",
    "train_size": 625,
    "train_gen": "VQDM",
    "test_gen": "stable_diffusion_v_1_5",
    "seed": 42,
    "model_type": "LatentTrajectoryClassifier",
    "clip_type": "convnext_base_in22k",
    "checkpoint_epoch": 4,
    "checkpoint_best_acc": 0.9527272727272728,
    "checkpoint_best_auc": 0.9876280991735538,
    "metrics": {
        "accuracy": 0.5024,
        "precision": 0.6153846153846154,
        "recall": 0.0128,
        "f1": 0.025078369905956112,
        "roc_auc": 0.5683745959183674,
        "ap": 0.5399333128921878,
        "best_accuracy": 0.5038857142857143,
        "best_threshold": 0.08,
        "real_accuracy": 0.992,
        "fake_accuracy": 0.0128,
        "n_test": 35000
    },
    "timestamp": "2025-12-14T14:58:12.238966"
}