{
    "mode": "single-single",
    "train_size": 625,
    "train_gen": "BigGAN",
    "test_gen": "VQDM",
    "seed": 42,
    "model_type": "LatentTrajectoryClassifier",
    "clip_type": "convnext_base_in22k",
    "checkpoint_epoch": 12,
    "checkpoint_best_acc": 0.9945454545454545,
    "checkpoint_best_auc": 0.9992702479338843,
    "metrics": {
        "accuracy": 0.5532571428571429,
        "precision": 0.9774590163934426,
        "recall": 0.10902857142857143,
        "f1": 0.19617520049352252,
        "roc_auc": 0.9020244636734693,
        "ap": 0.9007177974966396,
        "best_accuracy": 0.5875428571428571,
        "best_threshold": 0.01,
        "real_accuracy": 0.9974857142857143,
        "fake_accuracy": 0.10902857142857143,
        "n_test": 35000
    },
    "timestamp": "2025-12-14T15:01:37.493573"
}