{
    "mode": "single-single",
    "train_size": 150,
    "train_gen": "Midjourney",
    "test_gen": "BigGAN",
    "seed": 42,
    "model_type": "LatentTrajectoryClassifier",
    "clip_type": "convnext_base_in22k",
    "checkpoint_epoch": 11,
    "checkpoint_best_acc": 0.6618181818181819,
    "checkpoint_best_auc": 0.7135330578512397,
    "metrics": {
        "accuracy": 0.4732571428571429,
        "precision": 0.33189655172413796,
        "recall": 0.0528,
        "f1": 0.0911062906724512,
        "roc_auc": 0.6107956506122448,
        "ap": 0.5291296239346919,
        "best_accuracy": 0.532,
        "best_threshold": 0.01,
        "real_accuracy": 0.8937142857142857,
        "fake_accuracy": 0.0528,
        "n_test": 35000
    },
    "timestamp": "2025-12-14T14:28:05.957488"
}