{
    "mode": "single-single",
    "train_size": 625,
    "train_gen": "Midjourney",
    "test_gen": "Midjourney",
    "seed": 42,
    "model_type": "LatentTrajectoryClassifier",
    "clip_type": "convnext_base_in22k",
    "checkpoint_epoch": 16,
    "checkpoint_best_acc": 0.7868181818181819,
    "checkpoint_best_auc": 0.8638842975206611,
    "metrics": {
        "accuracy": 0.6979428571428572,
        "precision": 0.9413863404689092,
        "recall": 0.4221714285714286,
        "f1": 0.5829256746094367,
        "roc_auc": 0.8779074351020408,
        "ap": 0.8869526407293086,
        "best_accuracy": 0.7765714285714286,
        "best_threshold": 0.01,
        "real_accuracy": 0.9737142857142858,
        "fake_accuracy": 0.4221714285714286,
        "n_test": 35000
    },
    "timestamp": "2025-12-14T16:37:38.634421"
}