{
    "mode": "single-single",
    "train_size": 150,
    "train_gen": "wukong",
    "test_gen": "wukong",
    "seed": 42,
    "model_type": "LatentTrajectoryClassifier",
    "clip_type": "convnext_base_in22k",
    "checkpoint_epoch": 7,
    "checkpoint_best_acc": 0.6895454545454546,
    "checkpoint_best_auc": 0.7607082644628099,
    "metrics": {
        "accuracy": 0.5794285714285714,
        "precision": 0.8980526918671249,
        "recall": 0.1792,
        "f1": 0.29878048780487804,
        "roc_auc": 0.7351324734693876,
        "ap": 0.7475861536182807,
        "best_accuracy": 0.6488,
        "best_threshold": 0.01,
        "real_accuracy": 0.9796571428571429,
        "fake_accuracy": 0.1792,
        "n_test": 35000
    },
    "timestamp": "2025-12-14T16:12:05.814918"
}