{
    "mode": "single-single",
    "train_size": 625,
    "train_gen": "Midjourney",
    "test_gen": "ADM",
    "seed": 42,
    "model_type": "LatentTrajectoryClassifier",
    "clip_type": "convnext_base_in22k",
    "checkpoint_epoch": 16,
    "checkpoint_best_acc": 0.7868181818181819,
    "checkpoint_best_auc": 0.8638842975206611,
    "metrics": {
        "accuracy": 0.5292571428571429,
        "precision": 0.7962962962962963,
        "recall": 0.07862857142857142,
        "f1": 0.14312460994383192,
        "roc_auc": 0.6891349159183674,
        "ap": 0.674874090429064,
        "best_accuracy": 0.5828571428571429,
        "best_threshold": 0.01,
        "real_accuracy": 0.9798857142857142,
        "fake_accuracy": 0.07862857142857142,
        "n_test": 35000
    },
    "timestamp": "2025-12-14T15:09:37.589242"
}