{
    "mode": "single-single",
    "train_size": 625,
    "train_gen": "wukong",
    "test_gen": "wukong",
    "seed": 42,
    "model_type": "LatentTrajectoryClassifier",
    "clip_type": "convnext_base_in22k",
    "checkpoint_epoch": 1,
    "checkpoint_best_acc": 0.7990909090909091,
    "checkpoint_best_auc": 0.8369619834710743,
    "metrics": {
        "accuracy": 0.7096,
        "precision": 0.9191042047531993,
        "recall": 0.4596571428571429,
        "f1": 0.6128294987048606,
        "roc_auc": 0.8504522187755104,
        "ap": 0.8643574923630981,
        "best_accuracy": 0.7742857142857142,
        "best_threshold": 0.03,
        "real_accuracy": 0.9595428571428571,
        "fake_accuracy": 0.4596571428571429,
        "n_test": 35000
    },
    "timestamp": "2025-12-14T14:50:52.052447"
}