{
    "mode": "single-single",
    "train_size": 150,
    "train_gen": "Midjourney",
    "test_gen": "stable_diffusion_v_1_4",
    "seed": 42,
    "model_type": "LatentTrajectoryClassifier",
    "clip_type": "convnext_base_in22k",
    "checkpoint_epoch": 11,
    "checkpoint_best_acc": 0.6618181818181819,
    "checkpoint_best_auc": 0.7135330578512397,
    "metrics": {
        "accuracy": 0.5752,
        "precision": 0.7158792650918635,
        "recall": 0.24937142857142858,
        "f1": 0.3698932022376674,
        "roc_auc": 0.6269168587755103,
        "ap": 0.6456645569455243,
        "best_accuracy": 0.5965714285714285,
        "best_threshold": 0.01,
        "real_accuracy": 0.9010285714285714,
        "fake_accuracy": 0.24937142857142858,
        "n_test": 35000
    },
    "timestamp": "2025-12-14T14:17:59.031699"
}