{
    "mode": "single-single",
    "train_size": 300,
    "train_gen": "stable_diffusion_v_1_5",
    "test_gen": "Midjourney",
    "seed": 42,
    "model_type": "LatentTrajectoryClassifier",
    "clip_type": "convnext_base_in22k",
    "checkpoint_epoch": 0,
    "checkpoint_best_acc": 0.6677272727272727,
    "checkpoint_best_auc": null,
    "metrics": {
        "accuracy": 0.5170285714285714,
        "precision": 0.8340807174887892,
        "recall": 0.04251428571428571,
        "f1": 0.08090474119182253,
        "roc_auc": 0.5782423248979591,
        "ap": 0.5934060311595574,
        "best_accuracy": 0.5475428571428571,
        "best_threshold": 0.01,
        "real_accuracy": 0.9915428571428572,
        "fake_accuracy": 0.04251428571428571,
        "n_test": 35000
    },
    "timestamp": "2025-12-14T14:41:08.435134"
}