{
    "mode": "single-single",
    "train_size": 300,
    "train_gen": "VQDM",
    "test_gen": "wukong",
    "seed": 42,
    "model_type": "LatentTrajectoryClassifier",
    "clip_type": "convnext_base_in22k",
    "checkpoint_epoch": 0,
    "checkpoint_best_acc": 0.94,
    "checkpoint_best_auc": null,
    "metrics": {
        "accuracy": 0.5025142857142857,
        "precision": 0.6018518518518519,
        "recall": 0.014857142857142857,
        "f1": 0.028998438545616775,
        "roc_auc": 0.5552501289795918,
        "ap": 0.5375491291012332,
        "best_accuracy": 0.5053714285714286,
        "best_threshold": 0.02,
        "real_accuracy": 0.9901714285714286,
        "fake_accuracy": 0.014857142857142857,
        "n_test": 35000
    },
    "timestamp": "2025-12-14T16:25:25.296993"
}