{
    "mode": "single-single",
    "train_size": 150,
    "train_gen": "BigGAN",
    "test_gen": "ADM",
    "seed": 42,
    "model_type": "LatentTrajectoryClassifier",
    "clip_type": "convnext_base_in22k",
    "checkpoint_epoch": 2,
    "checkpoint_best_acc": 0.99,
    "checkpoint_best_auc": 0.9967851239669422,
    "metrics": {
        "accuracy": 0.5325714285714286,
        "precision": 0.9154518950437318,
        "recall": 0.07177142857142857,
        "f1": 0.1331072488342518,
        "roc_auc": 0.8020403199999999,
        "ap": 0.795118218413213,
        "best_accuracy": 0.5541714285714285,
        "best_threshold": 0.01,
        "real_accuracy": 0.9933714285714286,
        "fake_accuracy": 0.07177142857142857,
        "n_test": 35000
    },
    "timestamp": "2025-12-14T11:48:56.950255"
}