{
    "mode": "single-single",
    "train_size": 150,
    "train_gen": "stable_diffusion_v_1_5",
    "test_gen": "stable_diffusion_v_1_5",
    "seed": 42,
    "model_type": "LatentTrajectoryClassifier",
    "clip_type": "convnext_base_in22k",
    "checkpoint_epoch": 1,
    "checkpoint_best_acc": 0.6290909090909091,
    "checkpoint_best_auc": 0.6158276859504133,
    "metrics": {
        "accuracy": 0.6005714285714285,
        "precision": 0.7357984994640944,
        "recall": 0.3138285714285714,
        "f1": 0.4399935907707098,
        "roc_auc": 0.6724168359183673,
        "ap": 0.6700549320290193,
        "best_accuracy": 0.6294857142857143,
        "best_threshold": 0.13,
        "real_accuracy": 0.8873142857142857,
        "fake_accuracy": 0.3138285714285714,
        "n_test": 35000
    },
    "timestamp": "2025-12-14T14:17:47.613924"
}