{
    "mode": "single-single",
    "train_size": 150,
    "train_gen": "Midjourney",
    "test_gen": "Midjourney",
    "seed": 42,
    "model_type": "LatentTrajectoryClassifier",
    "clip_type": "convnext_base_in22k",
    "checkpoint_epoch": 11,
    "checkpoint_best_acc": 0.6618181818181819,
    "checkpoint_best_auc": 0.7135330578512397,
    "metrics": {
        "accuracy": 0.6180571428571429,
        "precision": 0.7506065016982048,
        "recall": 0.3536,
        "f1": 0.480733374766936,
        "roc_auc": 0.7052079804081632,
        "ap": 0.7120974695118599,
        "best_accuracy": 0.6564571428571429,
        "best_threshold": 0.01,
        "real_accuracy": 0.8825142857142857,
        "fake_accuracy": 0.3536,
        "n_test": 35000
    },
    "timestamp": "2025-12-14T14:15:46.688648"
}