{
    "mode": "single-single",
    "train_size": 300,
    "train_gen": "glide",
    "test_gen": "wukong",
    "seed": 42,
    "model_type": "LatentTrajectoryClassifier",
    "clip_type": "convnext_base_in22k",
    "checkpoint_epoch": 1,
    "checkpoint_best_acc": 0.9936363636363637,
    "checkpoint_best_auc": 0.998487603305785,
    "metrics": {
        "accuracy": 0.4953142857142857,
        "precision": 0.023255813953488372,
        "recall": 0.00022857142857142857,
        "f1": 0.0004526935264825713,
        "roc_auc": 0.5353326759183674,
        "ap": 0.4945399699965124,
        "best_accuracy": 0.5,
        "best_threshold": 0.0,
        "real_accuracy": 0.9904,
        "fake_accuracy": 0.00022857142857142857,
        "n_test": 35000
    },
    "timestamp": "2025-12-14T16:18:11.849766"
}