{
    "mode": "single-single",
    "train_size": 625,
    "train_gen": "Midjourney",
    "test_gen": "stable_diffusion_v_1_5",
    "seed": 42,
    "model_type": "LatentTrajectoryClassifier",
    "clip_type": "convnext_base_in22k",
    "checkpoint_epoch": 16,
    "checkpoint_best_acc": 0.7868181818181819,
    "checkpoint_best_auc": 0.8638842975206611,
    "metrics": {
        "accuracy": 0.6136,
        "precision": 0.9148580968280468,
        "recall": 0.2505142857142857,
        "f1": 0.39332495962677194,
        "roc_auc": 0.7641426546938774,
        "ap": 0.7846015073605959,
        "best_accuracy": 0.6643428571428571,
        "best_threshold": 0.01,
        "real_accuracy": 0.9766857142857143,
        "fake_accuracy": 0.2505142857142857,
        "n_test": 35000
    },
    "timestamp": "2025-12-14T15:17:08.617194"
}