{
    "mode": "single-single",
    "train_size": 150,
    "train_gen": "glide",
    "test_gen": "VQDM",
    "seed": 42,
    "model_type": "LatentTrajectoryClassifier",
    "clip_type": "convnext_base_in22k",
    "checkpoint_epoch": 7,
    "checkpoint_best_acc": 0.9836363636363636,
    "checkpoint_best_auc": 0.9968466942148762,
    "metrics": {
        "accuracy": 0.6264,
        "precision": 0.9600665557404326,
        "recall": 0.26377142857142855,
        "f1": 0.4138425676887215,
        "roc_auc": 0.852632346122449,
        "ap": 0.8611717859848335,
        "best_accuracy": 0.6595428571428571,
        "best_threshold": 0.01,
        "real_accuracy": 0.9890285714285715,
        "fake_accuracy": 0.26377142857142855,
        "n_test": 35000
    },
    "timestamp": "2025-12-14T12:42:02.463369"
}