{
    "mode": "single-single",
    "train_size": 625,
    "train_gen": "glide",
    "test_gen": "stable_diffusion_v_1_5",
    "seed": 42,
    "model_type": "LatentTrajectoryClassifier",
    "clip_type": "convnext_base_in22k",
    "checkpoint_epoch": 4,
    "checkpoint_best_acc": 0.9940909090909091,
    "checkpoint_best_auc": 0.9993314049586777,
    "metrics": {
        "accuracy": 0.49702857142857143,
        "precision": 0.11764705882352941,
        "recall": 0.0009142857142857143,
        "f1": 0.0018144704014515763,
        "roc_auc": 0.4882630791836735,
        "ap": 0.47909057152017004,
        "best_accuracy": 0.5,
        "best_threshold": 0.0,
        "real_accuracy": 0.9931428571428571,
        "fake_accuracy": 0.0009142857142857143,
        "n_test": 35000
    },
    "timestamp": "2025-12-14T16:23:53.098863"
}