{
    "mode": "single-single",
    "train_size": 150,
    "train_gen": "glide",
    "test_gen": "BigGAN",
    "seed": 42,
    "model_type": "LatentTrajectoryClassifier",
    "clip_type": "convnext_base_in22k",
    "checkpoint_epoch": 7,
    "checkpoint_best_acc": 0.9836363636363636,
    "checkpoint_best_auc": 0.9968466942148762,
    "metrics": {
        "accuracy": 0.9901714285714286,
        "precision": 0.9872756191774597,
        "recall": 0.9931428571428571,
        "f1": 0.990200546946217,
        "roc_auc": 0.9981121306122448,
        "ap": 0.9974670626043471,
        "best_accuracy": 0.9908571428571429,
        "best_threshold": 0.29,
        "real_accuracy": 0.9872,
        "fake_accuracy": 0.9931428571428571,
        "n_test": 35000
    },
    "timestamp": "2025-12-14T12:48:57.981794"
}