{
    "mode": "single-single",
    "train_size": 150,
    "train_gen": "stable_diffusion_v_1_5",
    "test_gen": "BigGAN",
    "seed": 42,
    "model_type": "LatentTrajectoryClassifier",
    "clip_type": "convnext_base_in22k",
    "checkpoint_epoch": 1,
    "checkpoint_best_acc": 0.6290909090909091,
    "checkpoint_best_auc": 0.6158276859504133,
    "metrics": {
        "accuracy": 0.5018285714285714,
        "precision": 0.5080321285140562,
        "recall": 0.11565714285714286,
        "f1": 0.1884192887730404,
        "roc_auc": 0.5884586579591836,
        "ap": 0.536452609663251,
        "best_accuracy": 0.5780571428571428,
        "best_threshold": 0.04,
        "real_accuracy": 0.888,
        "fake_accuracy": 0.11565714285714286,
        "n_test": 35000
    },
    "timestamp": "2025-12-14T14:31:32.032416"
}