{
    "mode": "single-single",
    "train_size": 300,
    "train_gen": "glide",
    "test_gen": "ADM",
    "seed": 42,
    "model_type": "LatentTrajectoryClassifier",
    "clip_type": "convnext_base_in22k",
    "checkpoint_epoch": 1,
    "checkpoint_best_acc": 0.9936363636363637,
    "checkpoint_best_auc": 0.998487603305785,
    "metrics": {
        "accuracy": 0.6454857142857143,
        "precision": 0.9697416974169741,
        "recall": 0.30034285714285713,
        "f1": 0.4586387434554974,
        "roc_auc": 0.8866777861224491,
        "ap": 0.8922906462784049,
        "best_accuracy": 0.6844571428571429,
        "best_threshold": 0.01,
        "real_accuracy": 0.9906285714285714,
        "fake_accuracy": 0.30034285714285713,
        "n_test": 35000
    },
    "timestamp": "2025-12-14T16:20:11.900322"
}