{
    "mode": "single-single",
    "train_size": 300,
    "train_gen": "ADM",
    "test_gen": "stable_diffusion_v_1_4",
    "seed": 42,
    "model_type": "LatentTrajectoryClassifier",
    "clip_type": "convnext_base_in22k",
    "checkpoint_epoch": 1,
    "checkpoint_best_acc": 0.9913636363636363,
    "checkpoint_best_auc": 0.9972140495867768,
    "metrics": {
        "accuracy": 0.49714285714285716,
        "precision": 0.0,
        "recall": 0.0,
        "f1": 0.0,
        "roc_auc": 0.5477838628571429,
        "ap": 0.4987864660875737,
        "best_accuracy": 0.5,
        "best_threshold": 0.0,
        "real_accuracy": 0.9942857142857143,
        "fake_accuracy": 0.0,
        "n_test": 35000
    },
    "timestamp": "2025-12-14T14:20:51.451448"
}