{
    "mode": "single-single",
    "train_size": 300,
    "train_gen": "BigGAN",
    "test_gen": "VQDM",
    "seed": 42,
    "model_type": "LatentTrajectoryClassifier",
    "clip_type": "convnext_base_in22k",
    "checkpoint_epoch": 12,
    "checkpoint_best_acc": 0.9877272727272727,
    "checkpoint_best_auc": 0.9964623966942149,
    "metrics": {
        "accuracy": 0.5646857142857142,
        "precision": 0.9367283950617284,
        "recall": 0.13874285714285714,
        "f1": 0.24168823412303406,
        "roc_auc": 0.9134612114285715,
        "ap": 0.8990789621214018,
        "best_accuracy": 0.6201142857142857,
        "best_threshold": 0.01,
        "real_accuracy": 0.9906285714285714,
        "fake_accuracy": 0.13874285714285714,
        "n_test": 35000
    },
    "timestamp": "2025-12-14T14:25:32.813113"
}