{
    "mode": "single-single",
    "train_size": 625,
    "train_gen": "glide",
    "test_gen": "wukong",
    "seed": 42,
    "model_type": "LatentTrajectoryClassifier",
    "clip_type": "convnext_base_in22k",
    "checkpoint_epoch": 4,
    "checkpoint_best_acc": 0.9940909090909091,
    "checkpoint_best_auc": 0.9993314049586777,
    "metrics": {
        "accuracy": 0.49782857142857145,
        "precision": 0.21212121212121213,
        "recall": 0.0016,
        "f1": 0.003176043557168784,
        "roc_auc": 0.521158426122449,
        "ap": 0.49623480878565235,
        "best_accuracy": 0.5,
        "best_threshold": 0.0,
        "real_accuracy": 0.9940571428571429,
        "fake_accuracy": 0.0016,
        "n_test": 35000
    },
    "timestamp": "2025-12-14T16:27:55.987851"
}