{
    "mode": "single-single",
    "train_size": 150,
    "train_gen": "Midjourney",
    "test_gen": "wukong",
    "seed": 42,
    "model_type": "LatentTrajectoryClassifier",
    "clip_type": "convnext_base_in22k",
    "checkpoint_epoch": 11,
    "checkpoint_best_acc": 0.6618181818181819,
    "checkpoint_best_auc": 0.7135330578512397,
    "metrics": {
        "accuracy": 0.5784,
        "precision": 0.7078787878787879,
        "recall": 0.2669714285714286,
        "f1": 0.3877178423236515,
        "roc_auc": 0.5972415216326531,
        "ap": 0.6313558018338894,
        "best_accuracy": 0.5848,
        "best_threshold": 0.12,
        "real_accuracy": 0.8898285714285714,
        "fake_accuracy": 0.2669714285714286,
        "n_test": 35000
    },
    "timestamp": "2025-12-14T14:24:09.949627"
}