{
    "mode": "single-single",
    "train_size": 150,
    "train_gen": "stable_diffusion_v_1_4",
    "test_gen": "stable_diffusion_v_1_5",
    "seed": 42,
    "model_type": "LatentTrajectoryClassifier",
    "clip_type": "convnext_base_in22k",
    "checkpoint_epoch": 12,
    "checkpoint_best_acc": 0.725,
    "checkpoint_best_auc": 0.7840219008264463,
    "metrics": {
        "accuracy": 0.6072,
        "precision": 0.8139223560910308,
        "recall": 0.27794285714285716,
        "f1": 0.4143806440620208,
        "roc_auc": 0.7783430791836734,
        "ap": 0.7441503626390171,
        "best_accuracy": 0.6998857142857143,
        "best_threshold": 0.01,
        "real_accuracy": 0.9364571428571429,
        "fake_accuracy": 0.27794285714285716,
        "n_test": 35000
    },
    "timestamp": "2025-12-14T14:23:39.476431"
}