{
    "mode": "single-single",
    "train_size": 300,
    "train_gen": "VQDM",
    "test_gen": "Midjourney",
    "seed": 42,
    "model_type": "LatentTrajectoryClassifier",
    "clip_type": "convnext_base_in22k",
    "checkpoint_epoch": 0,
    "checkpoint_best_acc": 0.94,
    "checkpoint_best_auc": null,
    "metrics": {
        "accuracy": 0.49794285714285713,
        "precision": 0.38461538461538464,
        "recall": 0.006857142857142857,
        "f1": 0.013474062429822591,
        "roc_auc": 0.4991546253061224,
        "ap": 0.49896444917330196,
        "best_accuracy": 0.5008,
        "best_threshold": 0.01,
        "real_accuracy": 0.9890285714285715,
        "fake_accuracy": 0.006857142857142857,
        "n_test": 35000
    },
    "timestamp": "2025-12-14T14:38:10.552370"
}