{
    "mode": "single-single",
    "train_size": 300,
    "train_gen": "Midjourney",
    "test_gen": "VQDM",
    "seed": 42,
    "model_type": "LatentTrajectoryClassifier",
    "clip_type": "convnext_base_in22k",
    "checkpoint_epoch": 14,
    "checkpoint_best_acc": 0.6959090909090909,
    "checkpoint_best_auc": 0.748592561983471,
    "metrics": {
        "accuracy": 0.5129142857142858,
        "precision": 0.5777166437414031,
        "recall": 0.096,
        "f1": 0.16464131713053703,
        "roc_auc": 0.638412852244898,
        "ap": 0.585345681403931,
        "best_accuracy": 0.5710857142857143,
        "best_threshold": 0.01,
        "real_accuracy": 0.9298285714285714,
        "fake_accuracy": 0.096,
        "n_test": 35000
    },
    "timestamp": "2025-12-14T14:22:59.781389"
}