{
    "mode": "single-single",
    "train_size": 625,
    "train_gen": "stable_diffusion_v_1_4",
    "test_gen": "stable_diffusion_v_1_5",
    "seed": 42,
    "model_type": "LatentTrajectoryClassifier",
    "clip_type": "convnext_base_in22k",
    "checkpoint_epoch": 11,
    "checkpoint_best_acc": 0.8031818181818182,
    "checkpoint_best_auc": 0.8730471074380165,
    "metrics": {
        "accuracy": 0.6366857142857143,
        "precision": 0.9271428571428572,
        "recall": 0.2966857142857143,
        "f1": 0.44952380952380955,
        "roc_auc": 0.8589855869387755,
        "ap": 0.857628403285325,
        "best_accuracy": 0.7363428571428572,
        "best_threshold": 0.01,
        "real_accuracy": 0.9766857142857143,
        "fake_accuracy": 0.2966857142857143,
        "n_test": 35000
    },
    "timestamp": "2025-12-14T15:17:02.657291"
}