{
    "mode": "single-single",
    "train_size": 150,
    "train_gen": "stable_diffusion_v_1_4",
    "test_gen": "ADM",
    "seed": 42,
    "model_type": "LatentTrajectoryClassifier",
    "clip_type": "convnext_base_in22k",
    "checkpoint_epoch": 12,
    "checkpoint_best_acc": 0.725,
    "checkpoint_best_auc": 0.7840219008264463,
    "metrics": {
        "accuracy": 0.5067428571428572,
        "precision": 0.5433186490455213,
        "recall": 0.08457142857142858,
        "f1": 0.1463607594936709,
        "roc_auc": 0.5812830824489795,
        "ap": 0.5510079544230024,
        "best_accuracy": 0.5408,
        "best_threshold": 0.01,
        "real_accuracy": 0.9289142857142857,
        "fake_accuracy": 0.08457142857142858,
        "n_test": 35000
    },
    "timestamp": "2025-12-14T14:29:45.343808"
}