{
    "mode": "single-single",
    "train_size": 625,
    "train_gen": "stable_diffusion_v_1_5",
    "test_gen": "stable_diffusion_v_1_4",
    "seed": 42,
    "model_type": "LatentTrajectoryClassifier",
    "clip_type": "convnext_base_in22k",
    "checkpoint_epoch": 5,
    "checkpoint_best_acc": 0.7440909090909091,
    "checkpoint_best_auc": 0.8143834710743801,
    "metrics": {
        "accuracy": 0.6018285714285714,
        "precision": 0.9312681510164569,
        "recall": 0.2198857142857143,
        "f1": 0.3557692307692308,
        "roc_auc": 0.8126588865306121,
        "ap": 0.8180461938561165,
        "best_accuracy": 0.6881142857142857,
        "best_threshold": 0.01,
        "real_accuracy": 0.9837714285714285,
        "fake_accuracy": 0.2198857142857143,
        "n_test": 35000
    },
    "timestamp": "2025-12-14T14:52:43.150342"
}