{
    "mode": "single-single",
    "train_size": 625,
    "train_gen": "VQDM",
    "test_gen": "Midjourney",
    "seed": 42,
    "model_type": "LatentTrajectoryClassifier",
    "clip_type": "convnext_base_in22k",
    "checkpoint_epoch": 4,
    "checkpoint_best_acc": 0.9527272727272728,
    "checkpoint_best_auc": 0.9876280991735538,
    "metrics": {
        "accuracy": 0.49885714285714283,
        "precision": 0.4342105263157895,
        "recall": 0.007542857142857143,
        "f1": 0.01482812851044709,
        "roc_auc": 0.5150812995918368,
        "ap": 0.5075810291720384,
        "best_accuracy": 0.5,
        "best_threshold": 0.0,
        "real_accuracy": 0.9901714285714286,
        "fake_accuracy": 0.007542857142857143,
        "n_test": 35000
    },
    "timestamp": "2025-12-14T14:54:17.629464"
}