{
    "mode": "single-single",
    "train_size": 300,
    "train_gen": "BigGAN",
    "test_gen": "glide",
    "seed": 42,
    "model_type": "LatentTrajectoryClassifier",
    "clip_type": "convnext_base_in22k",
    "checkpoint_epoch": 12,
    "checkpoint_best_acc": 0.9877272727272727,
    "checkpoint_best_auc": 0.9964623966942149,
    "metrics": {
        "accuracy": 0.6818285714285715,
        "precision": 0.9743589743589743,
        "recall": 0.3734857142857143,
        "f1": 0.5399867812293456,
        "roc_auc": 0.9848134791836735,
        "ap": 0.9736587192510038,
        "best_accuracy": 0.8313142857142857,
        "best_threshold": 0.01,
        "real_accuracy": 0.9901714285714286,
        "fake_accuracy": 0.3734857142857143,
        "n_test": 35000
    },
    "timestamp": "2025-12-14T14:31:39.929752"
}