{
    "mode": "single-single",
    "train_size": 150,
    "train_gen": "VQDM",
    "test_gen": "VQDM",
    "seed": 42,
    "model_type": "LatentTrajectoryClassifier",
    "clip_type": "convnext_base_in22k",
    "checkpoint_epoch": 12,
    "checkpoint_best_acc": 0.8745454545454545,
    "checkpoint_best_auc": 0.9439355371900826,
    "metrics": {
        "accuracy": 0.7585142857142857,
        "precision": 0.9627659574468085,
        "recall": 0.5378285714285714,
        "f1": 0.6901305176712128,
        "roc_auc": 0.9497978775510204,
        "ap": 0.9463431516402373,
        "best_accuracy": 0.8741714285714286,
        "best_threshold": 0.01,
        "real_accuracy": 0.9792,
        "fake_accuracy": 0.5378285714285714,
        "n_test": 35000
    },
    "timestamp": "2025-12-14T14:16:19.558545"
}