{
    "mode": "single-single",
    "train_size": 150,
    "train_gen": "stable_diffusion_v_1_4",
    "test_gen": "BigGAN",
    "seed": 42,
    "model_type": "LatentTrajectoryClassifier",
    "clip_type": "convnext_base_in22k",
    "checkpoint_epoch": 12,
    "checkpoint_best_acc": 0.725,
    "checkpoint_best_auc": 0.7840219008264463,
    "metrics": {
        "accuracy": 0.4955428571428571,
        "precision": 0.4643510054844607,
        "recall": 0.058057142857142856,
        "f1": 0.10321007720438846,
        "roc_auc": 0.5460477910204082,
        "ap": 0.5189496052990497,
        "best_accuracy": 0.5212571428571429,
        "best_threshold": 0.01,
        "real_accuracy": 0.9330285714285714,
        "fake_accuracy": 0.058057142857142856,
        "n_test": 35000
    },
    "timestamp": "2025-12-14T14:31:47.330562"
}