{
    "mode": "single-single",
    "train_size": 300,
    "train_gen": "VQDM",
    "test_gen": "VQDM",
    "seed": 42,
    "model_type": "LatentTrajectoryClassifier",
    "clip_type": "convnext_base_in22k",
    "checkpoint_epoch": 0,
    "checkpoint_best_acc": 0.94,
    "checkpoint_best_auc": null,
    "metrics": {
        "accuracy": 0.8296,
        "precision": 0.9832439678284183,
        "recall": 0.6706285714285715,
        "f1": 0.7973909498573176,
        "roc_auc": 0.9834630008163264,
        "ap": 0.9815064246611657,
        "best_accuracy": 0.9358857142857143,
        "best_threshold": 0.01,
        "real_accuracy": 0.9885714285714285,
        "fake_accuracy": 0.6706285714285715,
        "n_test": 35000
    },
    "timestamp": "2025-12-14T16:26:36.668108"
}