{
    "mode": "single-single",
    "train_size": 300,
    "train_gen": "Midjourney",
    "test_gen": "wukong",
    "seed": 42,
    "model_type": "LatentTrajectoryClassifier",
    "clip_type": "convnext_base_in22k",
    "checkpoint_epoch": 14,
    "checkpoint_best_acc": 0.6959090909090909,
    "checkpoint_best_auc": 0.748592561983471,
    "metrics": {
        "accuracy": 0.5754285714285714,
        "precision": 0.7455357142857143,
        "recall": 0.22902857142857141,
        "f1": 0.3504109109984263,
        "roc_auc": 0.6519047053061224,
        "ap": 0.6618607191549191,
        "best_accuracy": 0.6006857142857143,
        "best_threshold": 0.02,
        "real_accuracy": 0.9218285714285714,
        "fake_accuracy": 0.22902857142857141,
        "n_test": 35000
    },
    "timestamp": "2025-12-14T14:25:05.178170"
}