{
    "mode": "single-single",
    "train_size": 625,
    "train_gen": "stable_diffusion_v_1_4",
    "test_gen": "Midjourney",
    "seed": 42,
    "model_type": "LatentTrajectoryClassifier",
    "clip_type": "convnext_base_in22k",
    "checkpoint_epoch": 11,
    "checkpoint_best_acc": 0.8031818181818182,
    "checkpoint_best_auc": 0.8730471074380165,
    "metrics": {
        "accuracy": 0.5401142857142858,
        "precision": 0.802065404475043,
        "recall": 0.10651428571428571,
        "f1": 0.1880548829701372,
        "roc_auc": 0.6263720751020408,
        "ap": 0.6467842208977226,
        "best_accuracy": 0.5723428571428572,
        "best_threshold": 0.01,
        "real_accuracy": 0.9737142857142858,
        "fake_accuracy": 0.10651428571428571,
        "n_test": 35000
    },
    "timestamp": "2025-12-14T15:13:12.331367"
}