{
    "mode": "single-single",
    "train_size": 150,
    "train_gen": "wukong",
    "test_gen": "glide",
    "seed": 42,
    "model_type": "LatentTrajectoryClassifier",
    "clip_type": "convnext_base_in22k",
    "checkpoint_epoch": 7,
    "checkpoint_best_acc": 0.6895454545454546,
    "checkpoint_best_auc": 0.7607082644628099,
    "metrics": {
        "accuracy": 0.5193142857142857,
        "precision": 0.7788778877887789,
        "recall": 0.05394285714285714,
        "f1": 0.10089781958101753,
        "roc_auc": 0.6914516636734693,
        "ap": 0.6658717285685469,
        "best_accuracy": 0.5925714285714285,
        "best_threshold": 0.01,
        "real_accuracy": 0.9846857142857143,
        "fake_accuracy": 0.05394285714285714,
        "n_test": 35000
    },
    "timestamp": "2025-12-14T14:33:03.956455"
}