{
    "mode": "single-single",
    "train_size": 300,
    "train_gen": "VQDM",
    "test_gen": "stable_diffusion_v_1_4",
    "seed": 42,
    "model_type": "LatentTrajectoryClassifier",
    "clip_type": "convnext_base_in22k",
    "checkpoint_epoch": 0,
    "checkpoint_best_acc": 0.94,
    "checkpoint_best_auc": null,
    "metrics": {
        "accuracy": 0.4968,
        "precision": 0.27419354838709675,
        "recall": 0.0038857142857142857,
        "f1": 0.007662835249042145,
        "roc_auc": 0.5210551118367347,
        "ap": 0.5000280287775083,
        "best_accuracy": 0.5,
        "best_threshold": 0.0,
        "real_accuracy": 0.9897142857142858,
        "fake_accuracy": 0.0038857142857142857,
        "n_test": 35000
    },
    "timestamp": "2025-12-14T16:18:02.906706"
}