{
    "mode": "single-single",
    "train_size": 300,
    "train_gen": "wukong",
    "test_gen": "ADM",
    "seed": 42,
    "model_type": "LatentTrajectoryClassifier",
    "clip_type": "convnext_base_in22k",
    "checkpoint_epoch": 2,
    "checkpoint_best_acc": 0.7490909090909091,
    "checkpoint_best_auc": 0.8270363636363637,
    "metrics": {
        "accuracy": 0.4992,
        "precision": 0.48771929824561405,
        "recall": 0.03177142857142857,
        "f1": 0.05965665236051502,
        "roc_auc": 0.6259791934693877,
        "ap": 0.5772573601379085,
        "best_accuracy": 0.5643428571428571,
        "best_threshold": 0.01,
        "real_accuracy": 0.9666285714285714,
        "fake_accuracy": 0.03177142857142857,
        "n_test": 35000
    },
    "timestamp": "2025-12-14T16:28:22.598525"
}