{
    "mode": "single-single",
    "train_size": 150,
    "train_gen": "wukong",
    "test_gen": "stable_diffusion_v_1_5",
    "seed": 42,
    "model_type": "LatentTrajectoryClassifier",
    "clip_type": "convnext_base_in22k",
    "checkpoint_epoch": 7,
    "checkpoint_best_acc": 0.6895454545454546,
    "checkpoint_best_auc": 0.7607082644628099,
    "metrics": {
        "accuracy": 0.5512,
        "precision": 0.8796610169491526,
        "recall": 0.11862857142857143,
        "f1": 0.20906344410876132,
        "roc_auc": 0.6475694236734694,
        "ap": 0.6707789494237181,
        "best_accuracy": 0.5970285714285715,
        "best_threshold": 0.01,
        "real_accuracy": 0.9837714285714285,
        "fake_accuracy": 0.11862857142857143,
        "n_test": 35000
    },
    "timestamp": "2025-12-14T14:25:04.604351"
}