{
    "mode": "single-single",
    "train_size": 300,
    "train_gen": "stable_diffusion_v_1_5",
    "test_gen": "BigGAN",
    "seed": 42,
    "model_type": "LatentTrajectoryClassifier",
    "clip_type": "convnext_base_in22k",
    "checkpoint_epoch": 0,
    "checkpoint_best_acc": 0.6677272727272727,
    "checkpoint_best_auc": null,
    "metrics": {
        "accuracy": 0.49588571428571426,
        "precision": 0.14,
        "recall": 0.0016,
        "f1": 0.0031638418079096044,
        "roc_auc": 0.6420643265306123,
        "ap": 0.5832865605079149,
        "best_accuracy": 0.532,
        "best_threshold": 0.01,
        "real_accuracy": 0.9901714285714286,
        "fake_accuracy": 0.0016,
        "n_test": 35000
    },
    "timestamp": "2025-12-14T16:17:23.986155"
}