{
    "mode": "single-single",
    "train_size": 300,
    "train_gen": "stable_diffusion_v_1_5",
    "test_gen": "stable_diffusion_v_1_4",
    "seed": 42,
    "model_type": "LatentTrajectoryClassifier",
    "clip_type": "convnext_base_in22k",
    "checkpoint_epoch": 0,
    "checkpoint_best_acc": 0.6677272727272727,
    "checkpoint_best_auc": null,
    "metrics": {
        "accuracy": 0.5322285714285714,
        "precision": 0.8983050847457628,
        "recall": 0.07268571428571428,
        "f1": 0.13448932120955803,
        "roc_auc": 0.73336064,
        "ap": 0.7370694924161892,
        "best_accuracy": 0.6477714285714286,
        "best_threshold": 0.01,
        "real_accuracy": 0.9917714285714285,
        "fake_accuracy": 0.07268571428571428,
        "n_test": 35000
    },
    "timestamp": "2025-12-14T14:37:35.485981"
}