{
    "mode": "single-single",
    "train_size": 300,
    "train_gen": "stable_diffusion_v_1_4",
    "test_gen": "glide",
    "seed": 42,
    "model_type": "LatentTrajectoryClassifier",
    "clip_type": "convnext_base_in22k",
    "checkpoint_epoch": 6,
    "checkpoint_best_acc": 0.69,
    "checkpoint_best_auc": 0.7335404958677686,
    "metrics": {
        "accuracy": 0.4873142857142857,
        "precision": 0.35877862595419846,
        "recall": 0.032228571428571426,
        "f1": 0.05914429530201342,
        "roc_auc": 0.4995853844897959,
        "ap": 0.48116730086591725,
        "best_accuracy": 0.5,
        "best_threshold": 0.0,
        "real_accuracy": 0.9424,
        "fake_accuracy": 0.032228571428571426,
        "n_test": 35000
    },
    "timestamp": "2025-12-14T16:16:04.318080"
}