{
    "mode": "single-single",
    "train_size": 625,
    "train_gen": "wukong",
    "test_gen": "ADM",
    "seed": 42,
    "model_type": "LatentTrajectoryClassifier",
    "clip_type": "convnext_base_in22k",
    "checkpoint_epoch": 1,
    "checkpoint_best_acc": 0.7990909090909091,
    "checkpoint_best_auc": 0.8369619834710743,
    "metrics": {
        "accuracy": 0.5041142857142857,
        "precision": 0.5428571428571428,
        "recall": 0.05211428571428572,
        "f1": 0.09509906152241919,
        "roc_auc": 0.6248244244897959,
        "ap": 0.5779135606713875,
        "best_accuracy": 0.5617142857142857,
        "best_threshold": 0.01,
        "real_accuracy": 0.9561142857142857,
        "fake_accuracy": 0.05211428571428572,
        "n_test": 35000
    },
    "timestamp": "2025-12-14T15:02:18.688789"
}