{
    "mode": "single-single",
    "train_size": 300,
    "train_gen": "stable_diffusion_v_1_4",
    "test_gen": "stable_diffusion_v_1_5",
    "seed": 42,
    "model_type": "LatentTrajectoryClassifier",
    "clip_type": "convnext_base_in22k",
    "checkpoint_epoch": 6,
    "checkpoint_best_acc": 0.69,
    "checkpoint_best_auc": 0.7335404958677686,
    "metrics": {
        "accuracy": 0.5841142857142857,
        "precision": 0.7996742671009772,
        "recall": 0.22445714285714286,
        "f1": 0.35052650365875426,
        "roc_auc": 0.7143798595918368,
        "ap": 0.7112450537474696,
        "best_accuracy": 0.6488,
        "best_threshold": 0.01,
        "real_accuracy": 0.9437714285714286,
        "fake_accuracy": 0.22445714285714286,
        "n_test": 35000
    },
    "timestamp": "2025-12-14T14:41:27.096893"
}