{
    "mode": "single-single",
    "train_size": 150,
    "train_gen": "VQDM",
    "test_gen": "glide",
    "seed": 42,
    "model_type": "LatentTrajectoryClassifier",
    "clip_type": "convnext_base_in22k",
    "checkpoint_epoch": 12,
    "checkpoint_best_acc": 0.8745454545454545,
    "checkpoint_best_auc": 0.9439355371900826,
    "metrics": {
        "accuracy": 0.6033142857142857,
        "precision": 0.9185185185185185,
        "recall": 0.22674285714285713,
        "f1": 0.3637030247479377,
        "roc_auc": 0.9054013648979591,
        "ap": 0.8750318141558704,
        "best_accuracy": 0.7873142857142857,
        "best_threshold": 0.01,
        "real_accuracy": 0.9798857142857142,
        "fake_accuracy": 0.22674285714285713,
        "n_test": 35000
    },
    "timestamp": "2025-12-14T14:32:27.979400"
}