{
    "mode": "single-single",
    "train_size": 625,
    "train_gen": "VQDM",
    "test_gen": "glide",
    "seed": 42,
    "model_type": "LatentTrajectoryClassifier",
    "clip_type": "convnext_base_in22k",
    "checkpoint_epoch": 4,
    "checkpoint_best_acc": 0.9527272727272728,
    "checkpoint_best_auc": 0.9876280991735538,
    "metrics": {
        "accuracy": 0.7244571428571429,
        "precision": 0.9804305283757339,
        "recall": 0.45805714285714283,
        "f1": 0.6243963234148622,
        "roc_auc": 0.9855825502040817,
        "ap": 0.9770468665296015,
        "best_accuracy": 0.9304,
        "best_threshold": 0.01,
        "real_accuracy": 0.9908571428571429,
        "fake_accuracy": 0.45805714285714283,
        "n_test": 35000
    },
    "timestamp": "2025-12-14T15:06:07.565405"
}