{
    "mode": "single-single",
    "train_size": 625,
    "train_gen": "BigGAN",
    "test_gen": "stable_diffusion_v_1_5",
    "seed": 42,
    "model_type": "LatentTrajectoryClassifier",
    "clip_type": "convnext_base_in22k",
    "checkpoint_epoch": 12,
    "checkpoint_best_acc": 0.9945454545454545,
    "checkpoint_best_auc": 0.9992702479338843,
    "metrics": {
        "accuracy": 0.4981714285714286,
        "precision": 0.0,
        "recall": 0.0,
        "f1": 0.0,
        "roc_auc": 0.44235462530612246,
        "ap": 0.44646410279204213,
        "best_accuracy": 0.5,
        "best_threshold": 0.0,
        "real_accuracy": 0.9963428571428572,
        "fake_accuracy": 0.0,
        "n_test": 35000
    },
    "timestamp": "2025-12-14T14:59:38.610687"
}