{
    "mode": "single-single",
    "train_size": 625,
    "train_gen": "stable_diffusion_v_1_5",
    "test_gen": "stable_diffusion_v_1_5",
    "seed": 42,
    "model_type": "LatentTrajectoryClassifier",
    "clip_type": "convnext_base_in22k",
    "checkpoint_epoch": 5,
    "checkpoint_best_acc": 0.7440909090909091,
    "checkpoint_best_auc": 0.8143834710743801,
    "metrics": {
        "accuracy": 0.6003428571428572,
        "precision": 0.9196940726577438,
        "recall": 0.2198857142857143,
        "f1": 0.354916067146283,
        "roc_auc": 0.8110422726530613,
        "ap": 0.8141736430654286,
        "best_accuracy": 0.6853714285714285,
        "best_threshold": 0.01,
        "real_accuracy": 0.9808,
        "fake_accuracy": 0.2198857142857143,
        "n_test": 35000
    },
    "timestamp": "2025-12-14T14:50:47.583610"
}