{
    "mode": "single-single",
    "train_size": 625,
    "train_gen": "ADM",
    "test_gen": "stable_diffusion_v_1_5",
    "seed": 42,
    "model_type": "LatentTrajectoryClassifier",
    "clip_type": "convnext_base_in22k",
    "checkpoint_epoch": 8,
    "checkpoint_best_acc": 0.9836363636363636,
    "checkpoint_best_auc": 0.9979107438016529,
    "metrics": {
        "accuracy": 0.5002285714285715,
        "precision": 0.5357142857142857,
        "recall": 0.0034285714285714284,
        "f1": 0.006813536225300931,
        "roc_auc": 0.47163472979591836,
        "ap": 0.48509980845850836,
        "best_accuracy": 0.5002285714285715,
        "best_threshold": 0.5,
        "real_accuracy": 0.9970285714285714,
        "fake_accuracy": 0.0034285714285714284,
        "n_test": 35000
    },
    "timestamp": "2025-12-14T14:59:38.309031"
}