{
    "mode": "single-single",
    "train_size": 300,
    "train_gen": "VQDM",
    "test_gen": "BigGAN",
    "seed": 42,
    "model_type": "LatentTrajectoryClassifier",
    "clip_type": "convnext_base_in22k",
    "checkpoint_epoch": 0,
    "checkpoint_best_acc": 0.94,
    "checkpoint_best_auc": null,
    "metrics": {
        "accuracy": 0.8270857142857143,
        "precision": 0.9792364367046216,
        "recall": 0.6683428571428571,
        "f1": 0.7944572748267898,
        "roc_auc": 0.9848968881632654,
        "ap": 0.9802543526048549,
        "best_accuracy": 0.9390857142857143,
        "best_threshold": 0.01,
        "real_accuracy": 0.9858285714285714,
        "fake_accuracy": 0.6683428571428571,
        "n_test": 35000
    },
    "timestamp": "2025-12-14T16:30:35.865895"
}