{
    "mode": "single-single",
    "train_size": 300,
    "train_gen": "BigGAN",
    "test_gen": "wukong",
    "seed": 42,
    "model_type": "LatentTrajectoryClassifier",
    "clip_type": "convnext_base_in22k",
    "checkpoint_epoch": 12,
    "checkpoint_best_acc": 0.9877272727272727,
    "checkpoint_best_auc": 0.9964623966942149,
    "metrics": {
        "accuracy": 0.4950857142857143,
        "precision": 0.0,
        "recall": 0.0,
        "f1": 0.0,
        "roc_auc": 0.47646231510204085,
        "ap": 0.4660180317389931,
        "best_accuracy": 0.5,
        "best_threshold": 0.0,
        "real_accuracy": 0.9901714285714286,
        "fake_accuracy": 0.0,
        "n_test": 35000
    },
    "timestamp": "2025-12-14T14:27:37.819602"
}