{
    "mode": "single-single",
    "train_size": 150,
    "train_gen": "wukong",
    "test_gen": "Midjourney",
    "seed": 42,
    "model_type": "LatentTrajectoryClassifier",
    "clip_type": "convnext_base_in22k",
    "checkpoint_epoch": 7,
    "checkpoint_best_acc": 0.6895454545454546,
    "checkpoint_best_auc": 0.7607082644628099,
    "metrics": {
        "accuracy": 0.5275428571428571,
        "precision": 0.7931873479318735,
        "recall": 0.07451428571428571,
        "f1": 0.13623067279565398,
        "roc_auc": 0.6319258644897959,
        "ap": 0.6308132062342757,
        "best_accuracy": 0.5669714285714286,
        "best_threshold": 0.01,
        "real_accuracy": 0.9805714285714285,
        "fake_accuracy": 0.07451428571428571,
        "n_test": 35000
    },
    "timestamp": "2025-12-14T14:21:02.734866"
}