{
    "mode": "single-single",
    "train_size": 300,
    "train_gen": "glide",
    "test_gen": "BigGAN",
    "seed": 42,
    "model_type": "LatentTrajectoryClassifier",
    "clip_type": "convnext_base_in22k",
    "checkpoint_epoch": 1,
    "checkpoint_best_acc": 0.9936363636363637,
    "checkpoint_best_auc": 0.998487603305785,
    "metrics": {
        "accuracy": 0.9940571428571429,
        "precision": 0.9886954555731404,
        "recall": 0.9995428571428572,
        "f1": 0.9940895658104114,
        "roc_auc": 0.9989933714285714,
        "ap": 0.9985179488023446,
        "best_accuracy": 0.9955428571428572,
        "best_threshold": 0.93,
        "real_accuracy": 0.9885714285714285,
        "fake_accuracy": 0.9995428571428572,
        "n_test": 35000
    },
    "timestamp": "2025-12-14T16:22:12.282386"
}