{
    "mode": "single-single",
    "train_size": 300,
    "train_gen": "BigGAN",
    "test_gen": "ADM",
    "seed": 42,
    "model_type": "LatentTrajectoryClassifier",
    "clip_type": "convnext_base_in22k",
    "checkpoint_epoch": 12,
    "checkpoint_best_acc": 0.9877272727272727,
    "checkpoint_best_auc": 0.9964623966942149,
    "metrics": {
        "accuracy": 0.5392,
        "precision": 0.8888888888888888,
        "recall": 0.0896,
        "f1": 0.16279069767441862,
        "roc_auc": 0.8830740636734693,
        "ap": 0.8591115868247904,
        "best_accuracy": 0.5764571428571429,
        "best_threshold": 0.01,
        "real_accuracy": 0.9888,
        "fake_accuracy": 0.0896,
        "n_test": 35000
    },
    "timestamp": "2025-12-14T14:29:36.459712"
}