{
    "mode": "single-single",
    "train_size": 625,
    "train_gen": "stable_diffusion_v_1_5",
    "test_gen": "wukong",
    "seed": 42,
    "model_type": "LatentTrajectoryClassifier",
    "clip_type": "convnext_base_in22k",
    "checkpoint_epoch": 5,
    "checkpoint_best_acc": 0.7440909090909091,
    "checkpoint_best_auc": 0.8143834710743801,
    "metrics": {
        "accuracy": 0.6113142857142857,
        "precision": 0.9363799283154122,
        "recall": 0.23885714285714285,
        "f1": 0.3806228373702422,
        "roc_auc": 0.8012011624489797,
        "ap": 0.810645064420851,
        "best_accuracy": 0.6752,
        "best_threshold": 0.01,
        "real_accuracy": 0.9837714285714285,
        "fake_accuracy": 0.23885714285714285,
        "n_test": 35000
    },
    "timestamp": "2025-12-14T15:00:02.906404"
}