{
    "mode": "single-single",
    "train_size": 625,
    "train_gen": "Midjourney",
    "test_gen": "VQDM",
    "seed": 42,
    "model_type": "LatentTrajectoryClassifier",
    "clip_type": "convnext_base_in22k",
    "checkpoint_epoch": 16,
    "checkpoint_best_acc": 0.7868181818181819,
    "checkpoint_best_auc": 0.8638842975206611,
    "metrics": {
        "accuracy": 0.5057142857142857,
        "precision": 0.6050420168067226,
        "recall": 0.032914285714285715,
        "f1": 0.06243225666594407,
        "roc_auc": 0.6469467689795918,
        "ap": 0.6051718497702259,
        "best_accuracy": 0.5310857142857143,
        "best_threshold": 0.01,
        "real_accuracy": 0.9785142857142857,
        "fake_accuracy": 0.032914285714285715,
        "n_test": 35000
    },
    "timestamp": "2025-12-14T15:19:06.627046"
}