{
    "mode": "single-single",
    "train_size": 625,
    "train_gen": "stable_diffusion_v_1_5",
    "test_gen": "ADM",
    "seed": 42,
    "model_type": "LatentTrajectoryClassifier",
    "clip_type": "convnext_base_in22k",
    "checkpoint_epoch": 5,
    "checkpoint_best_acc": 0.7440909090909091,
    "checkpoint_best_auc": 0.8143834710743801,
    "metrics": {
        "accuracy": 0.5059428571428571,
        "precision": 0.634020618556701,
        "recall": 0.028114285714285713,
        "f1": 0.05384110308601445,
        "roc_auc": 0.6599832293877552,
        "ap": 0.613009649919485,
        "best_accuracy": 0.5336,
        "best_threshold": 0.01,
        "real_accuracy": 0.9837714285714285,
        "fake_accuracy": 0.028114285714285713,
        "n_test": 35000
    },
    "timestamp": "2025-12-14T15:01:57.551712"
}