{
    "mode": "single-single",
    "train_size": 625,
    "train_gen": "wukong",
    "test_gen": "stable_diffusion_v_1_4",
    "seed": 42,
    "model_type": "LatentTrajectoryClassifier",
    "clip_type": "convnext_base_in22k",
    "checkpoint_epoch": 1,
    "checkpoint_best_acc": 0.7990909090909091,
    "checkpoint_best_auc": 0.8369619834710743,
    "metrics": {
        "accuracy": 0.6740571428571429,
        "precision": 0.9131850244167119,
        "recall": 0.3846857142857143,
        "f1": 0.5413316178835639,
        "roc_auc": 0.799343412244898,
        "ap": 0.8247830930862463,
        "best_accuracy": 0.7322285714285715,
        "best_threshold": 0.01,
        "real_accuracy": 0.9634285714285714,
        "fake_accuracy": 0.3846857142857143,
        "n_test": 35000
    },
    "timestamp": "2025-12-14T14:56:17.411224"
}