{
    "mode": "single-single",
    "train_size": 625,
    "train_gen": "ADM",
    "test_gen": "stable_diffusion_v_1_4",
    "seed": 42,
    "model_type": "LatentTrajectoryClassifier",
    "clip_type": "convnext_base_in22k",
    "checkpoint_epoch": 8,
    "checkpoint_best_acc": 0.9836363636363636,
    "checkpoint_best_auc": 0.9979107438016529,
    "metrics": {
        "accuracy": 0.49897142857142857,
        "precision": 0.36363636363636365,
        "recall": 0.002742857142857143,
        "f1": 0.0054446460980036296,
        "roc_auc": 0.4774248228571429,
        "ap": 0.4852886957633043,
        "best_accuracy": 0.5,
        "best_threshold": 0.0,
        "real_accuracy": 0.9952,
        "fake_accuracy": 0.002742857142857143,
        "n_test": 35000
    },
    "timestamp": "2025-12-14T14:57:39.208197"
}