{
    "mode": "single-single",
    "train_size": 150,
    "train_gen": "stable_diffusion_v_1_4",
    "test_gen": "wukong",
    "seed": 42,
    "model_type": "LatentTrajectoryClassifier",
    "clip_type": "convnext_base_in22k",
    "checkpoint_epoch": 12,
    "checkpoint_best_acc": 0.725,
    "checkpoint_best_auc": 0.7840219008264463,
    "metrics": {
        "accuracy": 0.5897142857142857,
        "precision": 0.79182156133829,
        "recall": 0.24342857142857144,
        "f1": 0.3723776223776224,
        "roc_auc": 0.7389426938775511,
        "ap": 0.7186019004466203,
        "best_accuracy": 0.6667428571428572,
        "best_threshold": 0.01,
        "real_accuracy": 0.936,
        "fake_accuracy": 0.24342857142857144,
        "n_test": 35000
    },
    "timestamp": "2025-12-14T14:27:43.585616"
}