{
    "mode": "single-single",
    "train_size": 150,
    "train_gen": "stable_diffusion_v_1_4",
    "test_gen": "Midjourney",
    "seed": 42,
    "model_type": "LatentTrajectoryClassifier",
    "clip_type": "convnext_base_in22k",
    "checkpoint_epoch": 12,
    "checkpoint_best_acc": 0.725,
    "checkpoint_best_auc": 0.7840219008264463,
    "metrics": {
        "accuracy": 0.5283428571428571,
        "precision": 0.6504854368932039,
        "recall": 0.12251428571428571,
        "f1": 0.20619349874975956,
        "roc_auc": 0.5723888587755102,
        "ap": 0.5694485463476022,
        "best_accuracy": 0.5531428571428572,
        "best_threshold": 0.01,
        "real_accuracy": 0.9341714285714285,
        "fake_accuracy": 0.12251428571428571,
        "n_test": 35000
    },
    "timestamp": "2025-12-14T14:21:36.606019"
}