{
    "mode": "single-single",
    "train_size": 625,
    "train_gen": "ADM",
    "test_gen": "glide",
    "seed": 42,
    "model_type": "LatentTrajectoryClassifier",
    "clip_type": "convnext_base_in22k",
    "checkpoint_epoch": 8,
    "checkpoint_best_acc": 0.9836363636363636,
    "checkpoint_best_auc": 0.9979107438016529,
    "metrics": {
        "accuracy": 0.7291428571428571,
        "precision": 0.9878345498783455,
        "recall": 0.464,
        "f1": 0.6314152410575428,
        "roc_auc": 0.9839514122448979,
        "ap": 0.9801665881104784,
        "best_accuracy": 0.8828571428571429,
        "best_threshold": 0.01,
        "real_accuracy": 0.9942857142857143,
        "fake_accuracy": 0.464,
        "n_test": 35000
    },
    "timestamp": "2025-12-14T15:07:38.435032"
}