{
    "mode": "single-single",
    "train_size": 625,
    "train_gen": "BigGAN",
    "test_gen": "glide",
    "seed": 42,
    "model_type": "LatentTrajectoryClassifier",
    "clip_type": "convnext_base_in22k",
    "checkpoint_epoch": 12,
    "checkpoint_best_acc": 0.9945454545454545,
    "checkpoint_best_auc": 0.9992702479338843,
    "metrics": {
        "accuracy": 0.7776,
        "precision": 0.994704684317719,
        "recall": 0.5581714285714285,
        "f1": 0.7150805270863836,
        "roc_auc": 0.9921439869387756,
        "ap": 0.9897825227144411,
        "best_accuracy": 0.8704,
        "best_threshold": 0.01,
        "real_accuracy": 0.9970285714285714,
        "fake_accuracy": 0.5581714285714285,
        "n_test": 35000
    },
    "timestamp": "2025-12-14T15:07:37.110225"
}