{
    "mode": "single-single",
    "train_size": 300,
    "train_gen": "wukong",
    "test_gen": "stable_diffusion_v_1_5",
    "seed": 42,
    "model_type": "LatentTrajectoryClassifier",
    "clip_type": "convnext_base_in22k",
    "checkpoint_epoch": 2,
    "checkpoint_best_acc": 0.7490909090909091,
    "checkpoint_best_auc": 0.8270363636363637,
    "metrics": {
        "accuracy": 0.5881142857142857,
        "precision": 0.8402471315092674,
        "recall": 0.2176,
        "f1": 0.345679012345679,
        "roc_auc": 0.7029392457142856,
        "ap": 0.7172738091915878,
        "best_accuracy": 0.6376,
        "best_threshold": 0.01,
        "real_accuracy": 0.9586285714285714,
        "fake_accuracy": 0.2176,
        "n_test": 35000
    },
    "timestamp": "2025-12-14T16:33:27.279122"
}