{
    "mode": "single-single",
    "train_size": 625,
    "train_gen": "BigGAN",
    "test_gen": "wukong",
    "seed": 42,
    "model_type": "LatentTrajectoryClassifier",
    "clip_type": "convnext_base_in22k",
    "checkpoint_epoch": 12,
    "checkpoint_best_acc": 0.9945454545454545,
    "checkpoint_best_auc": 0.9992702479338843,
    "metrics": {
        "accuracy": 0.4985142857142857,
        "precision": 0.0,
        "recall": 0.0,
        "f1": 0.0,
        "roc_auc": 0.5056480914285715,
        "ap": 0.49391191476234786,
        "best_accuracy": 0.5,
        "best_threshold": 0.0,
        "real_accuracy": 0.9970285714285714,
        "fake_accuracy": 0.0,
        "n_test": 35000
    },
    "timestamp": "2025-12-14T15:03:36.093904"
}