{
    "mode": "single-single",
    "train_size": 625,
    "train_gen": "VQDM",
    "test_gen": "wukong",
    "seed": 42,
    "model_type": "LatentTrajectoryClassifier",
    "clip_type": "convnext_base_in22k",
    "checkpoint_epoch": 4,
    "checkpoint_best_acc": 0.9527272727272728,
    "checkpoint_best_auc": 0.9876280991735538,
    "metrics": {
        "accuracy": 0.5070857142857143,
        "precision": 0.6962025316455697,
        "recall": 0.025142857142857144,
        "f1": 0.0485329803662034,
        "roc_auc": 0.5201905893877551,
        "ap": 0.5278532803143066,
        "best_accuracy": 0.5075428571428572,
        "best_threshold": 0.01,
        "real_accuracy": 0.9890285714285715,
        "fake_accuracy": 0.025142857142857144,
        "n_test": 35000
    },
    "timestamp": "2025-12-14T15:00:09.712402"
}