{
    "mode": "single-single",
    "train_size": 625,
    "train_gen": "glide",
    "test_gen": "stable_diffusion_v_1_4",
    "seed": 42,
    "model_type": "LatentTrajectoryClassifier",
    "clip_type": "convnext_base_in22k",
    "checkpoint_epoch": 4,
    "checkpoint_best_acc": 0.9940909090909091,
    "checkpoint_best_auc": 0.9993314049586777,
    "metrics": {
        "accuracy": 0.49702857142857143,
        "precision": 0.09375,
        "recall": 0.0006857142857142857,
        "f1": 0.0013614703880190605,
        "roc_auc": 0.490970906122449,
        "ap": 0.4766009014262788,
        "best_accuracy": 0.5,
        "best_threshold": 0.0,
        "real_accuracy": 0.9933714285714286,
        "fake_accuracy": 0.0006857142857142857,
        "n_test": 35000
    },
    "timestamp": "2025-12-14T16:21:08.384199"
}