{
    "mode": "single-single",
    "train_size": 150,
    "train_gen": "VQDM",
    "test_gen": "Midjourney",
    "seed": 42,
    "model_type": "LatentTrajectoryClassifier",
    "clip_type": "convnext_base_in22k",
    "checkpoint_epoch": 12,
    "checkpoint_best_acc": 0.8745454545454545,
    "checkpoint_best_auc": 0.9439355371900826,
    "metrics": {
        "accuracy": 0.49885714285714283,
        "precision": 0.4691358024691358,
        "recall": 0.017371428571428572,
        "f1": 0.03350231430460657,
        "roc_auc": 0.5023106089795919,
        "ap": 0.49572204924575813,
        "best_accuracy": 0.5,
        "best_threshold": 0.0,
        "real_accuracy": 0.9803428571428572,
        "fake_accuracy": 0.017371428571428572,
        "n_test": 35000
    },
    "timestamp": "2025-12-14T14:20:12.824132"
}