{
    "mode": "single-single",
    "train_size": 625,
    "train_gen": "wukong",
    "test_gen": "glide",
    "seed": 42,
    "model_type": "LatentTrajectoryClassifier",
    "clip_type": "convnext_base_in22k",
    "checkpoint_epoch": 1,
    "checkpoint_best_acc": 0.7990909090909091,
    "checkpoint_best_auc": 0.8369619834710743,
    "metrics": {
        "accuracy": 0.5371428571428571,
        "precision": 0.7229080932784636,
        "recall": 0.12045714285714286,
        "f1": 0.20650470219435738,
        "roc_auc": 0.7089029746938775,
        "ap": 0.6644997039197804,
        "best_accuracy": 0.6225142857142857,
        "best_threshold": 0.01,
        "real_accuracy": 0.9538285714285715,
        "fake_accuracy": 0.12045714285714286,
        "n_test": 35000
    },
    "timestamp": "2025-12-14T15:06:12.597203"
}