{
    "mode": "single-single",
    "train_size": 625,
    "train_gen": "wukong",
    "test_gen": "Midjourney",
    "seed": 42,
    "model_type": "LatentTrajectoryClassifier",
    "clip_type": "convnext_base_in22k",
    "checkpoint_epoch": 1,
    "checkpoint_best_acc": 0.7990909090909091,
    "checkpoint_best_auc": 0.8369619834710743,
    "metrics": {
        "accuracy": 0.5624,
        "precision": 0.8019911504424779,
        "recall": 0.1657142857142857,
        "f1": 0.27467323356696344,
        "roc_auc": 0.6575700375510204,
        "ap": 0.6731345738251887,
        "best_accuracy": 0.6170285714285715,
        "best_threshold": 0.01,
        "real_accuracy": 0.9590857142857143,
        "fake_accuracy": 0.1657142857142857,
        "n_test": 35000
    },
    "timestamp": "2025-12-14T14:54:21.578183"
}