{
    "mode": "single-single",
    "train_size": 150,
    "train_gen": "BigGAN",
    "test_gen": "BigGAN",
    "seed": 42,
    "model_type": "LatentTrajectoryClassifier",
    "clip_type": "convnext_base_in22k",
    "checkpoint_epoch": 2,
    "checkpoint_best_acc": 0.99,
    "checkpoint_best_auc": 0.9967851239669422,
    "metrics": {
        "accuracy": 0.9794285714285714,
        "precision": 0.9917936694021102,
        "recall": 0.9668571428571429,
        "f1": 0.9791666666666666,
        "roc_auc": 0.9980991738775511,
        "ap": 0.9977990989645364,
        "best_accuracy": 0.9910857142857142,
        "best_threshold": 0.01,
        "real_accuracy": 0.992,
        "fake_accuracy": 0.9668571428571429,
        "n_test": 35000
    },
    "timestamp": "2025-12-14T11:26:30.233515"
}