{
    "mode": "single-single",
    "train_size": 300,
    "train_gen": "stable_diffusion_v_1_4",
    "test_gen": "stable_diffusion_v_1_4",
    "seed": 42,
    "model_type": "LatentTrajectoryClassifier",
    "clip_type": "convnext_base_in22k",
    "checkpoint_epoch": 6,
    "checkpoint_best_acc": 0.69,
    "checkpoint_best_auc": 0.7335404958677686,
    "metrics": {
        "accuracy": 0.5852571428571428,
        "precision": 0.8032520325203252,
        "recall": 0.22582857142857143,
        "f1": 0.3525423728813559,
        "roc_auc": 0.7185125093877551,
        "ap": 0.7151398763418672,
        "best_accuracy": 0.6536,
        "best_threshold": 0.01,
        "real_accuracy": 0.9446857142857142,
        "fake_accuracy": 0.22582857142857143,
        "n_test": 35000
    },
    "timestamp": "2025-12-14T16:06:01.651308"
}