{
    "mode": "single-single",
    "train_size": 625,
    "train_gen": "Midjourney",
    "test_gen": "BigGAN",
    "seed": 42,
    "model_type": "LatentTrajectoryClassifier",
    "clip_type": "convnext_base_in22k",
    "checkpoint_epoch": 16,
    "checkpoint_best_acc": 0.7868181818181819,
    "checkpoint_best_auc": 0.8638842975206611,
    "metrics": {
        "accuracy": 0.5022857142857143,
        "precision": 0.5434782608695652,
        "recall": 0.02857142857142857,
        "f1": 0.05428881650380022,
        "roc_auc": 0.7589859004081634,
        "ap": 0.6788717214364275,
        "best_accuracy": 0.5552,
        "best_threshold": 0.01,
        "real_accuracy": 0.976,
        "fake_accuracy": 0.02857142857142857,
        "n_test": 35000
    },
    "timestamp": "2025-12-14T15:09:35.760988"
}