{
    "mode": "single-single",
    "train_size": 300,
    "train_gen": "Midjourney",
    "test_gen": "BigGAN",
    "seed": 42,
    "model_type": "LatentTrajectoryClassifier",
    "clip_type": "convnext_base_in22k",
    "checkpoint_epoch": 14,
    "checkpoint_best_acc": 0.6959090909090909,
    "checkpoint_best_auc": 0.748592561983471,
    "metrics": {
        "accuracy": 0.49611428571428573,
        "precision": 0.4724025974025974,
        "recall": 0.06651428571428572,
        "f1": 0.11660989781606892,
        "roc_auc": 0.6841252832653061,
        "ap": 0.5967561340890292,
        "best_accuracy": 0.5906285714285714,
        "best_threshold": 0.01,
        "real_accuracy": 0.9257142857142857,
        "fake_accuracy": 0.06651428571428572,
        "n_test": 35000
    },
    "timestamp": "2025-12-14T14:29:02.457258"
}