{
    "mode": "single-single",
    "train_size": 625,
    "train_gen": "stable_diffusion_v_1_4",
    "test_gen": "VQDM",
    "seed": 42,
    "model_type": "LatentTrajectoryClassifier",
    "clip_type": "convnext_base_in22k",
    "checkpoint_epoch": 11,
    "checkpoint_best_acc": 0.8031818181818182,
    "checkpoint_best_auc": 0.8730471074380165,
    "metrics": {
        "accuracy": 0.5062857142857143,
        "precision": 0.6053639846743295,
        "recall": 0.03611428571428572,
        "f1": 0.06816220880069025,
        "roc_auc": 0.5774726530612244,
        "ap": 0.5646442198333916,
        "best_accuracy": 0.5227428571428572,
        "best_threshold": 0.01,
        "real_accuracy": 0.9764571428571429,
        "fake_accuracy": 0.03611428571428572,
        "n_test": 35000
    },
    "timestamp": "2025-12-14T15:19:01.260469"
}