{
    "mode": "single-single",
    "train_size": 625,
    "train_gen": "glide",
    "test_gen": "BigGAN",
    "seed": 42,
    "model_type": "LatentTrajectoryClassifier",
    "clip_type": "convnext_base_in22k",
    "checkpoint_epoch": 4,
    "checkpoint_best_acc": 0.9940909090909091,
    "checkpoint_best_auc": 0.9993314049586777,
    "metrics": {
        "accuracy": 0.9493714285714285,
        "precision": 0.9917458729364682,
        "recall": 0.9062857142857143,
        "f1": 0.9470918428281381,
        "roc_auc": 0.9971927771428571,
        "ap": 0.9955908691874018,
        "best_accuracy": 0.9894857142857143,
        "best_threshold": 0.02,
        "real_accuracy": 0.9924571428571428,
        "fake_accuracy": 0.9062857142857143,
        "n_test": 35000
    },
    "timestamp": "2025-12-14T16:31:59.072164"
}