{
    "mode": "single-single",
    "train_size": 625,
    "train_gen": "wukong",
    "test_gen": "VQDM",
    "seed": 42,
    "model_type": "LatentTrajectoryClassifier",
    "clip_type": "convnext_base_in22k",
    "checkpoint_epoch": 1,
    "checkpoint_best_acc": 0.7990909090909091,
    "checkpoint_best_auc": 0.8369619834710743,
    "metrics": {
        "accuracy": 0.5301714285714286,
        "precision": 0.6970149253731344,
        "recall": 0.10674285714285714,
        "f1": 0.18513379583746284,
        "roc_auc": 0.7127205355102041,
        "ap": 0.6622368930276141,
        "best_accuracy": 0.6330285714285714,
        "best_threshold": 0.01,
        "real_accuracy": 0.9536,
        "fake_accuracy": 0.10674285714285714,
        "n_test": 35000
    },
    "timestamp": "2025-12-14T15:00:19.703393"
}