{
    "mode": "single-single",
    "train_size": 625,
    "train_gen": "stable_diffusion_v_1_4",
    "test_gen": "wukong",
    "seed": 42,
    "model_type": "LatentTrajectoryClassifier",
    "clip_type": "convnext_base_in22k",
    "checkpoint_epoch": 11,
    "checkpoint_best_acc": 0.8031818181818182,
    "checkpoint_best_auc": 0.8730471074380165,
    "metrics": {
        "accuracy": 0.6345142857142857,
        "precision": 0.9324026451138868,
        "recall": 0.29005714285714285,
        "f1": 0.4424686192468619,
        "roc_auc": 0.8342896587755102,
        "ap": 0.8425652902216523,
        "best_accuracy": 0.7116571428571429,
        "best_threshold": 0.01,
        "real_accuracy": 0.9789714285714286,
        "fake_accuracy": 0.29005714285714285,
        "n_test": 35000
    },
    "timestamp": "2025-12-14T15:17:02.034492"
}