{
    "mode": "single-single",
    "train_size": 150,
    "train_gen": "ADM",
    "test_gen": "BigGAN",
    "seed": 42,
    "model_type": "LatentTrajectoryClassifier",
    "clip_type": "convnext_base_in22k",
    "checkpoint_epoch": 11,
    "checkpoint_best_acc": 0.9390909090909091,
    "checkpoint_best_auc": 0.9745673553719009,
    "metrics": {
        "accuracy": 0.7700571428571429,
        "precision": 0.945344892574444,
        "recall": 0.5732571428571429,
        "f1": 0.71371656232214,
        "roc_auc": 0.961146906122449,
        "ap": 0.9459958887088189,
        "best_accuracy": 0.9126857142857143,
        "best_threshold": 0.01,
        "real_accuracy": 0.9668571428571429,
        "fake_accuracy": 0.5732571428571429,
        "n_test": 35000
    },
    "timestamp": "2025-12-14T10:42:02.106712"
}