{
    "mode": "single-single",
    "train_size": 300,
    "train_gen": "Midjourney",
    "test_gen": "glide",
    "seed": 42,
    "model_type": "LatentTrajectoryClassifier",
    "clip_type": "convnext_base_in22k",
    "checkpoint_epoch": 14,
    "checkpoint_best_acc": 0.6959090909090909,
    "checkpoint_best_auc": 0.748592561983471,
    "metrics": {
        "accuracy": 0.5726857142857142,
        "precision": 0.7610837438423645,
        "recall": 0.2118857142857143,
        "f1": 0.33148578580368315,
        "roc_auc": 0.7744506253061225,
        "ap": 0.7137375111879578,
        "best_accuracy": 0.6844571428571429,
        "best_threshold": 0.01,
        "real_accuracy": 0.9334857142857143,
        "fake_accuracy": 0.2118857142857143,
        "n_test": 35000
    },
    "timestamp": "2025-12-14T16:24:15.284970"
}