{
    "mode": "single-single",
    "train_size": 625,
    "train_gen": "stable_diffusion_v_1_5",
    "test_gen": "glide",
    "seed": 42,
    "model_type": "LatentTrajectoryClassifier",
    "clip_type": "convnext_base_in22k",
    "checkpoint_epoch": 5,
    "checkpoint_best_acc": 0.7440909090909091,
    "checkpoint_best_auc": 0.8143834710743801,
    "metrics": {
        "accuracy": 0.5068571428571429,
        "precision": 0.6578947368421053,
        "recall": 0.02857142857142857,
        "f1": 0.054764512595837894,
        "roc_auc": 0.7047562710204082,
        "ap": 0.6500932062028186,
        "best_accuracy": 0.5505142857142857,
        "best_threshold": 0.01,
        "real_accuracy": 0.9851428571428571,
        "fake_accuracy": 0.02857142857142857,
        "n_test": 35000
    },
    "timestamp": "2025-12-14T15:05:51.067148"
}