{
    "mode": "single-single",
    "train_size": 300,
    "train_gen": "ADM",
    "test_gen": "glide",
    "seed": 42,
    "model_type": "LatentTrajectoryClassifier",
    "clip_type": "convnext_base_in22k",
    "checkpoint_epoch": 1,
    "checkpoint_best_acc": 0.9913636363636363,
    "checkpoint_best_auc": 0.9972140495867768,
    "metrics": {
        "accuracy": 0.4984,
        "precision": 0.37037037037037035,
        "recall": 0.004571428571428572,
        "f1": 0.009031384059607135,
        "roc_auc": 0.9423635853061225,
        "ap": 0.8763281531055342,
        "best_accuracy": 0.5305142857142857,
        "best_threshold": 0.01,
        "real_accuracy": 0.9922285714285715,
        "fake_accuracy": 0.004571428571428572,
        "n_test": 35000
    },
    "timestamp": "2025-12-14T14:30:43.207637"
}