{
    "mode": "single-single",
    "train_size": 150,
    "train_gen": "wukong",
    "test_gen": "BigGAN",
    "seed": 42,
    "model_type": "LatentTrajectoryClassifier",
    "clip_type": "convnext_base_in22k",
    "checkpoint_epoch": 7,
    "checkpoint_best_acc": 0.6895454545454546,
    "checkpoint_best_auc": 0.7607082644628099,
    "metrics": {
        "accuracy": 0.5044571428571428,
        "precision": 0.6065573770491803,
        "recall": 0.025371428571428573,
        "f1": 0.04870557261956999,
        "roc_auc": 0.7026461518367347,
        "ap": 0.6479630276203465,
        "best_accuracy": 0.5758857142857143,
        "best_threshold": 0.01,
        "real_accuracy": 0.9835428571428572,
        "fake_accuracy": 0.025371428571428573,
        "n_test": 35000
    },
    "timestamp": "2025-12-14T14:31:04.157123"
}