{
    "mode": "single-single",
    "train_size": 300,
    "train_gen": "stable_diffusion_v_1_5",
    "test_gen": "glide",
    "seed": 42,
    "model_type": "LatentTrajectoryClassifier",
    "clip_type": "convnext_base_in22k",
    "checkpoint_epoch": 0,
    "checkpoint_best_acc": 0.6677272727272727,
    "checkpoint_best_auc": null,
    "metrics": {
        "accuracy": 0.5003428571428571,
        "precision": 0.5205479452054794,
        "recall": 0.008685714285714286,
        "f1": 0.0170863309352518,
        "roc_auc": 0.5479376457142857,
        "ap": 0.5286978877141832,
        "best_accuracy": 0.5105142857142857,
        "best_threshold": 0.01,
        "real_accuracy": 0.992,
        "fake_accuracy": 0.008685714285714286,
        "n_test": 35000
    },
    "timestamp": "2025-12-14T16:19:24.015273"
}