{
    "mode": "single-single",
    "train_size": 150,
    "train_gen": "VQDM",
    "test_gen": "ADM",
    "seed": 42,
    "model_type": "LatentTrajectoryClassifier",
    "clip_type": "convnext_base_in22k",
    "checkpoint_epoch": 12,
    "checkpoint_best_acc": 0.8745454545454545,
    "checkpoint_best_auc": 0.9439355371900826,
    "metrics": {
        "accuracy": 0.5876571428571429,
        "precision": 0.9066808059384942,
        "recall": 0.19542857142857142,
        "f1": 0.32154945468221136,
        "roc_auc": 0.8520478040816326,
        "ap": 0.8264057208698453,
        "best_accuracy": 0.7124571428571429,
        "best_threshold": 0.01,
        "real_accuracy": 0.9798857142857142,
        "fake_accuracy": 0.19542857142857142,
        "n_test": 35000
    },
    "timestamp": "2025-12-14T14:28:22.018921"
}