{
    "mode": "single-single",
    "train_size": 300,
    "train_gen": "stable_diffusion_v_1_4",
    "test_gen": "wukong",
    "seed": 42,
    "model_type": "LatentTrajectoryClassifier",
    "clip_type": "convnext_base_in22k",
    "checkpoint_epoch": 6,
    "checkpoint_best_acc": 0.69,
    "checkpoint_best_auc": 0.7335404958677686,
    "metrics": {
        "accuracy": 0.5984,
        "precision": 0.8219895287958116,
        "recall": 0.2512,
        "f1": 0.38480392156862747,
        "roc_auc": 0.7139679085714286,
        "ap": 0.7293214086492177,
        "best_accuracy": 0.6475428571428572,
        "best_threshold": 0.01,
        "real_accuracy": 0.9456,
        "fake_accuracy": 0.2512,
        "n_test": 35000
    },
    "timestamp": "2025-12-14T16:10:01.125648"
}