{
    "mode": "single-single",
    "train_size": 150,
    "train_gen": "stable_diffusion_v_1_5",
    "test_gen": "ADM",
    "seed": 42,
    "model_type": "LatentTrajectoryClassifier",
    "clip_type": "convnext_base_in22k",
    "checkpoint_epoch": 1,
    "checkpoint_best_acc": 0.6290909090909091,
    "checkpoint_best_auc": 0.6158276859504133,
    "metrics": {
        "accuracy": 0.5154285714285715,
        "precision": 0.5583405358686258,
        "recall": 0.14765714285714285,
        "f1": 0.23355025307302965,
        "roc_auc": 0.5709034057142858,
        "ap": 0.5420571848107855,
        "best_accuracy": 0.5558857142857143,
        "best_threshold": 0.05,
        "real_accuracy": 0.8832,
        "fake_accuracy": 0.14765714285714285,
        "n_test": 35000
    },
    "timestamp": "2025-12-14T14:29:30.226899"
}