{
    "mode": "single-single",
    "train_size": 625,
    "train_gen": "ADM",
    "test_gen": "VQDM",
    "seed": 42,
    "model_type": "LatentTrajectoryClassifier",
    "clip_type": "convnext_base_in22k",
    "checkpoint_epoch": 8,
    "checkpoint_best_acc": 0.9836363636363636,
    "checkpoint_best_auc": 0.9979107438016529,
    "metrics": {
        "accuracy": 0.6411428571428571,
        "precision": 0.9827990617670055,
        "recall": 0.2873142857142857,
        "f1": 0.44464096215068977,
        "roc_auc": 0.95673344,
        "ap": 0.9490042257433615,
        "best_accuracy": 0.7792,
        "best_threshold": 0.01,
        "real_accuracy": 0.9949714285714286,
        "fake_accuracy": 0.2873142857142857,
        "n_test": 35000
    },
    "timestamp": "2025-12-14T15:01:36.962353"
}