{
    "mode": "single-single",
    "train_size": 300,
    "train_gen": "Midjourney",
    "test_gen": "ADM",
    "seed": 42,
    "model_type": "LatentTrajectoryClassifier",
    "clip_type": "convnext_base_in22k",
    "checkpoint_epoch": 14,
    "checkpoint_best_acc": 0.6959090909090909,
    "checkpoint_best_auc": 0.748592561983471,
    "metrics": {
        "accuracy": 0.5045714285714286,
        "precision": 0.5299401197604791,
        "recall": 0.08091428571428572,
        "f1": 0.1403926234384295,
        "roc_auc": 0.6100183771428571,
        "ap": 0.5651274035919087,
        "best_accuracy": 0.5515428571428571,
        "best_threshold": 0.01,
        "real_accuracy": 0.9282285714285714,
        "fake_accuracy": 0.08091428571428572,
        "n_test": 35000
    },
    "timestamp": "2025-12-14T14:27:04.649558"
}