{
    "mode": "single-single",
    "train_size": 625,
    "train_gen": "ADM",
    "test_gen": "Midjourney",
    "seed": 42,
    "model_type": "LatentTrajectoryClassifier",
    "clip_type": "convnext_base_in22k",
    "checkpoint_epoch": 8,
    "checkpoint_best_acc": 0.9836363636363636,
    "checkpoint_best_auc": 0.9979107438016529,
    "metrics": {
        "accuracy": 0.4974857142857143,
        "precision": 0.041666666666666664,
        "recall": 0.00022857142857142857,
        "f1": 0.0004546487838145033,
        "roc_auc": 0.4444840751020408,
        "ap": 0.45335291500461106,
        "best_accuracy": 0.5,
        "best_threshold": 0.0,
        "real_accuracy": 0.9947428571428572,
        "fake_accuracy": 0.00022857142857142857,
        "n_test": 35000
    },
    "timestamp": "2025-12-14T14:55:40.837211"
}