{
    "mode": "single-single",
    "train_size": 300,
    "train_gen": "BigGAN",
    "test_gen": "stable_diffusion_v_1_4",
    "seed": 42,
    "model_type": "LatentTrajectoryClassifier",
    "clip_type": "convnext_base_in22k",
    "checkpoint_epoch": 12,
    "checkpoint_best_acc": 0.9877272727272727,
    "checkpoint_best_auc": 0.9964623966942149,
    "metrics": {
        "accuracy": 0.49474285714285715,
        "precision": 0.0,
        "recall": 0.0,
        "f1": 0.0,
        "roc_auc": 0.4410369306122449,
        "ap": 0.4427095207015908,
        "best_accuracy": 0.5,
        "best_threshold": 0.0,
        "real_accuracy": 0.9894857142857143,
        "fake_accuracy": 0.0,
        "n_test": 35000
    },
    "timestamp": "2025-12-14T14:21:28.827018"
}