{
    "mode": "single-single",
    "train_size": 300,
    "train_gen": "ADM",
    "test_gen": "Midjourney",
    "seed": 42,
    "model_type": "LatentTrajectoryClassifier",
    "clip_type": "convnext_base_in22k",
    "checkpoint_epoch": 1,
    "checkpoint_best_acc": 0.9913636363636363,
    "checkpoint_best_auc": 0.9972140495867768,
    "metrics": {
        "accuracy": 0.4966857142857143,
        "precision": 0.03225806451612903,
        "recall": 0.00022857142857142857,
        "f1": 0.00045392646391284613,
        "roc_auc": 0.5281052212244898,
        "ap": 0.49363542528574816,
        "best_accuracy": 0.5,
        "best_threshold": 0.0,
        "real_accuracy": 0.9931428571428571,
        "fake_accuracy": 0.00022857142857142857,
        "n_test": 35000
    },
    "timestamp": "2025-12-14T14:18:53.623730"
}