{
    "mode": "single-single",
    "train_size": 150,
    "train_gen": "stable_diffusion_v_1_5",
    "test_gen": "Midjourney",
    "seed": 42,
    "model_type": "LatentTrajectoryClassifier",
    "clip_type": "convnext_base_in22k",
    "checkpoint_epoch": 1,
    "checkpoint_best_acc": 0.6290909090909091,
    "checkpoint_best_auc": 0.6158276859504133,
    "metrics": {
        "accuracy": 0.576,
        "precision": 0.6957033549146556,
        "recall": 0.27017142857142856,
        "f1": 0.3891998682910767,
        "roc_auc": 0.6535876179591836,
        "ap": 0.6402267748253041,
        "best_accuracy": 0.6116571428571429,
        "best_threshold": 0.17,
        "real_accuracy": 0.8818285714285714,
        "fake_accuracy": 0.27017142857142856,
        "n_test": 35000
    },
    "timestamp": "2025-12-14T14:23:25.922734"
}