{
    "mode": "single-single",
    "train_size": 150,
    "train_gen": "glide",
    "test_gen": "stable_diffusion_v_1_4",
    "seed": 42,
    "model_type": "LatentTrajectoryClassifier",
    "clip_type": "convnext_base_in22k",
    "checkpoint_epoch": 7,
    "checkpoint_best_acc": 0.9836363636363636,
    "checkpoint_best_auc": 0.9968466942148762,
    "metrics": {
        "accuracy": 0.4948571428571429,
        "precision": 0.14285714285714285,
        "recall": 0.002057142857142857,
        "f1": 0.00405588102748986,
        "roc_auc": 0.5774240914285714,
        "ap": 0.5298361091843189,
        "best_accuracy": 0.5,
        "best_threshold": 0.0,
        "real_accuracy": 0.9876571428571429,
        "fake_accuracy": 0.002057142857142857,
        "n_test": 35000
    },
    "timestamp": "2025-12-14T12:36:34.539334"
}