{
    "mode": "single-single",
    "train_size": 300,
    "train_gen": "glide",
    "test_gen": "Midjourney",
    "seed": 42,
    "model_type": "LatentTrajectoryClassifier",
    "clip_type": "convnext_base_in22k",
    "checkpoint_epoch": 1,
    "checkpoint_best_acc": 0.9936363636363637,
    "checkpoint_best_auc": 0.998487603305785,
    "metrics": {
        "accuracy": 0.4990857142857143,
        "precision": 0.4375,
        "recall": 0.0064,
        "f1": 0.012615453931065555,
        "roc_auc": 0.6229863967346938,
        "ap": 0.5985949703164991,
        "best_accuracy": 0.5027428571428572,
        "best_threshold": 0.01,
        "real_accuracy": 0.9917714285714285,
        "fake_accuracy": 0.0064,
        "n_test": 35000
    },
    "timestamp": "2025-12-14T16:10:07.955728"
}