{
    "mode": "single-single",
    "train_size": 300,
    "train_gen": "wukong",
    "test_gen": "glide",
    "seed": 42,
    "model_type": "LatentTrajectoryClassifier",
    "clip_type": "convnext_base_in22k",
    "checkpoint_epoch": 2,
    "checkpoint_best_acc": 0.7490909090909091,
    "checkpoint_best_auc": 0.8270363636363637,
    "metrics": {
        "accuracy": 0.5193142857142857,
        "precision": 0.6809421841541756,
        "recall": 0.07268571428571428,
        "f1": 0.13135068153655513,
        "roc_auc": 0.6844319085714285,
        "ap": 0.6329540058627455,
        "best_accuracy": 0.5978285714285714,
        "best_threshold": 0.01,
        "real_accuracy": 0.9659428571428571,
        "fake_accuracy": 0.07268571428571428,
        "n_test": 35000
    },
    "timestamp": "2025-12-14T16:32:24.195400"
}