{
    "mode": "single-single",
    "train_size": 150,
    "train_gen": "Midjourney",
    "test_gen": "VQDM",
    "seed": 42,
    "model_type": "LatentTrajectoryClassifier",
    "clip_type": "convnext_base_in22k",
    "checkpoint_epoch": 11,
    "checkpoint_best_acc": 0.6618181818181819,
    "checkpoint_best_auc": 0.7135330578512397,
    "metrics": {
        "accuracy": 0.5036571428571428,
        "precision": 0.5162271805273834,
        "recall": 0.11634285714285714,
        "f1": 0.18988994590561462,
        "roc_auc": 0.5988901355102041,
        "ap": 0.5465663158703568,
        "best_accuracy": 0.5489142857142857,
        "best_threshold": 0.01,
        "real_accuracy": 0.8909714285714285,
        "fake_accuracy": 0.11634285714285714,
        "n_test": 35000
    },
    "timestamp": "2025-12-14T14:22:03.392155"
}