{
    "mode": "single-single",
    "train_size": 150,
    "train_gen": "VQDM",
    "test_gen": "BigGAN",
    "seed": 42,
    "model_type": "LatentTrajectoryClassifier",
    "clip_type": "convnext_base_in22k",
    "checkpoint_epoch": 12,
    "checkpoint_best_acc": 0.8745454545454545,
    "checkpoint_best_auc": 0.9439355371900826,
    "metrics": {
        "accuracy": 0.6939428571428572,
        "precision": 0.9440083725798012,
        "recall": 0.4123428571428571,
        "f1": 0.5739739102768056,
        "roc_auc": 0.9328681273469387,
        "ap": 0.9192215202022095,
        "best_accuracy": 0.8486857142857143,
        "best_threshold": 0.01,
        "real_accuracy": 0.9755428571428572,
        "fake_accuracy": 0.4123428571428571,
        "n_test": 35000
    },
    "timestamp": "2025-12-14T14:30:25.404905"
}