{
    "mode": "single-single",
    "train_size": 150,
    "train_gen": "glide",
    "test_gen": "stable_diffusion_v_1_5",
    "seed": 42,
    "model_type": "LatentTrajectoryClassifier",
    "clip_type": "convnext_base_in22k",
    "checkpoint_epoch": 7,
    "checkpoint_best_acc": 0.9836363636363636,
    "checkpoint_best_auc": 0.9968466942148762,
    "metrics": {
        "accuracy": 0.4966857142857143,
        "precision": 0.20408163265306123,
        "recall": 0.002285714285714286,
        "f1": 0.0045207956600361665,
        "roc_auc": 0.574040189387755,
        "ap": 0.5304881371449846,
        "best_accuracy": 0.5,
        "best_threshold": 0.0,
        "real_accuracy": 0.9910857142857142,
        "fake_accuracy": 0.002285714285714286,
        "n_test": 35000
    },
    "timestamp": "2025-12-14T12:39:39.188559"
}