{
    "mode": "single-single",
    "train_size": 625,
    "train_gen": "VQDM",
    "test_gen": "BigGAN",
    "seed": 42,
    "model_type": "LatentTrajectoryClassifier",
    "clip_type": "convnext_base_in22k",
    "checkpoint_epoch": 4,
    "checkpoint_best_acc": 0.9527272727272728,
    "checkpoint_best_auc": 0.9876280991735538,
    "metrics": {
        "accuracy": 0.8252571428571429,
        "precision": 0.9833559782608695,
        "recall": 0.6617142857142857,
        "f1": 0.7910916791911463,
        "roc_auc": 0.9888687542857142,
        "ap": 0.9846353083888053,
        "best_accuracy": 0.9506285714285714,
        "best_threshold": 0.01,
        "real_accuracy": 0.9888,
        "fake_accuracy": 0.6617142857142857,
        "n_test": 35000
    },
    "timestamp": "2025-12-14T15:04:10.036512"
}