{
    "mode": "single-single",
    "train_size": 150,
    "train_gen": "VQDM",
    "test_gen": "stable_diffusion_v_1_4",
    "seed": 42,
    "model_type": "LatentTrajectoryClassifier",
    "clip_type": "convnext_base_in22k",
    "checkpoint_epoch": 12,
    "checkpoint_best_acc": 0.8745454545454545,
    "checkpoint_best_auc": 0.9439355371900826,
    "metrics": {
        "accuracy": 0.4977142857142857,
        "precision": 0.4431818181818182,
        "recall": 0.01782857142857143,
        "f1": 0.034278180619644036,
        "roc_auc": 0.5174525126530612,
        "ap": 0.5040378795591428,
        "best_accuracy": 0.5004571428571428,
        "best_threshold": 0.97,
        "real_accuracy": 0.9776,
        "fake_accuracy": 0.01782857142857143,
        "n_test": 35000
    },
    "timestamp": "2025-12-14T14:22:14.333768"
}