{
    "mode": "single-single",
    "train_size": 625,
    "train_gen": "Midjourney",
    "test_gen": "stable_diffusion_v_1_4",
    "seed": 42,
    "model_type": "LatentTrajectoryClassifier",
    "clip_type": "convnext_base_in22k",
    "checkpoint_epoch": 16,
    "checkpoint_best_acc": 0.7868181818181819,
    "checkpoint_best_auc": 0.8638842975206611,
    "metrics": {
        "accuracy": 0.6184,
        "precision": 0.9259868421052632,
        "recall": 0.2573714285714286,
        "f1": 0.4027901985333572,
        "roc_auc": 0.7700905012244899,
        "ap": 0.7916196719598757,
        "best_accuracy": 0.6702857142857143,
        "best_threshold": 0.01,
        "real_accuracy": 0.9794285714285714,
        "fake_accuracy": 0.2573714285714286,
        "n_test": 35000
    },
    "timestamp": "2025-12-14T16:39:43.500975"
}