{
    "mode": "single-single",
    "train_size": 150,
    "train_gen": "ADM",
    "test_gen": "stable_diffusion_v_1_5",
    "seed": 42,
    "model_type": "LatentTrajectoryClassifier",
    "clip_type": "convnext_base_in22k",
    "checkpoint_epoch": 11,
    "checkpoint_best_acc": 0.9390909090909091,
    "checkpoint_best_auc": 0.9745673553719009,
    "metrics": {
        "accuracy": 0.4926857142857143,
        "precision": 0.36885245901639346,
        "recall": 0.02057142857142857,
        "f1": 0.03896947391210219,
        "roc_auc": 0.5130671542857144,
        "ap": 0.5004315028349949,
        "best_accuracy": 0.5,
        "best_threshold": 0.0,
        "real_accuracy": 0.9648,
        "fake_accuracy": 0.02057142857142857,
        "n_test": 35000
    },
    "timestamp": "2025-12-14T11:00:05.837257"
}