{
    "mode": "multi-multi",
    "train_size": 625,
    "train_gen": null,
    "test_gen": null,
    "seed": 42,
    "model_type": "LatentTrajectoryClassifier",
    "clip_type": "convnext_base_in22k",
    "checkpoint_epoch": 0,
    "checkpoint_best_acc": 0.8765714285714286,
    "checkpoint_best_auc": null,
    "metrics": {
        "accuracy": 0.9501,
        "precision": 0.9730922850536052,
        "recall": 0.9258,
        "f1": 0.9488572307061597,
        "roc_auc": 0.99141806,
        "ap": 0.9902713096281354,
        "best_accuracy": 0.9616,
        "best_threshold": 0.09,
        "real_accuracy": 0.9744,
        "fake_accuracy": 0.9258,
        "n_test": 40000
    },
    "timestamp": "2025-12-10T03:35:25.960274"
}