{
    "mode": "multi-multi",
    "train_size": 300,
    "train_gen": null,
    "test_gen": null,
    "seed": 42,
    "model_type": "LatentTrajectoryClassifier",
    "clip_type": "convnext_base_in22k",
    "checkpoint_epoch": 18,
    "checkpoint_best_acc": 0.8193142857142857,
    "checkpoint_best_auc": 0.8980079216326532,
    "metrics": {
        "accuracy": 0.7878,
        "precision": 0.9574062301335029,
        "recall": 0.6024,
        "f1": 0.7395040510680089,
        "roc_auc": 0.95069158,
        "ap": 0.9464863579232707,
        "best_accuracy": 0.8618,
        "best_threshold": 0.01,
        "real_accuracy": 0.9732,
        "fake_accuracy": 0.6024,
        "n_test": 40000
    },
    "timestamp": "2025-12-10T03:33:24.117198"
}