{
    "mode": "single-multi",
    "train_size": 625,
    "train_gen": "stable_diffusion_v_1_5",
    "test_gen": null,
    "seed": 42,
    "model_type": "LatentTrajectoryClassifier",
    "clip_type": "convnext_base_in22k",
    "checkpoint_epoch": 5,
    "checkpoint_best_acc": 0.7440909090909091,
    "checkpoint_best_auc": 0.8143834710743801,
    "metrics": {
        "accuracy": 0.5045,
        "precision": 0.6086956521739131,
        "recall": 0.0252,
        "f1": 0.04839638947570578,
        "roc_auc": 0.65101012,
        "ap": 0.6034739501805255,
        "best_accuracy": 0.5279,
        "best_threshold": 0.01,
        "real_accuracy": 0.9838,
        "fake_accuracy": 0.0252,
        "n_test": 40000
    },
    "timestamp": "2025-12-12T07:15:42.855188"
}