{
    "mode": "single-multi",
    "train_size": 150,
    "train_gen": "stable_diffusion_v_1_5",
    "test_gen": null,
    "seed": 42,
    "model_type": "LatentTrajectoryClassifier",
    "clip_type": "convnext_base_in22k",
    "checkpoint_epoch": 1,
    "checkpoint_best_acc": 0.6290909090909091,
    "checkpoint_best_auc": 0.6158276859504133,
    "metrics": {
        "accuracy": 0.5113,
        "precision": 0.5444531864673485,
        "recall": 0.1384,
        "f1": 0.22069845319725723,
        "roc_auc": 0.5656990000000001,
        "ap": 0.5368003857253165,
        "best_accuracy": 0.5521,
        "best_threshold": 0.04,
        "real_accuracy": 0.8842,
        "fake_accuracy": 0.1384,
        "n_test": 40000
    },
    "timestamp": "2025-12-12T07:11:39.865593"
}