{
    "mode": "single-multi",
    "train_size": 625,
    "train_gen": "VQDM",
    "test_gen": null,
    "seed": 42,
    "model_type": "LatentTrajectoryClassifier",
    "clip_type": "convnext_base_in22k",
    "checkpoint_epoch": 4,
    "checkpoint_best_acc": 0.9527272727272728,
    "checkpoint_best_auc": 0.9876280991735538,
    "metrics": {
        "accuracy": 0.7113,
        "precision": 0.9722843093428699,
        "recall": 0.435,
        "f1": 0.6010777946662982,
        "roc_auc": 0.9643425000000001,
        "ap": 0.9563711617508156,
        "best_accuracy": 0.8514,
        "best_threshold": 0.01,
        "real_accuracy": 0.9876,
        "fake_accuracy": 0.435,
        "n_test": 40000
    },
    "timestamp": "2025-12-12T07:21:53.798230"
}