{
    "mode": "single-multi",
    "train_size": 300,
    "train_gen": "ADM",
    "test_gen": null,
    "seed": 42,
    "model_type": "LatentTrajectoryClassifier",
    "clip_type": "convnext_base_in22k",
    "checkpoint_epoch": 1,
    "checkpoint_best_acc": 0.9913636363636363,
    "checkpoint_best_auc": 0.9972140495867768,
    "metrics": {
        "accuracy": 0.9257,
        "precision": 0.989648033126294,
        "recall": 0.8604,
        "f1": 0.9205092543061945,
        "roc_auc": 0.99455036,
        "ap": 0.9938093592542748,
        "best_accuracy": 0.9408,
        "best_threshold": 0.01,
        "real_accuracy": 0.991,
        "fake_accuracy": 0.8604,
        "n_test": 40000
    },
    "timestamp": "2025-12-12T06:43:14.351188"
}