{
    "mode": "single-multi",
    "train_size": 150,
    "train_gen": "wukong",
    "test_gen": null,
    "seed": 42,
    "model_type": "LatentTrajectoryClassifier",
    "clip_type": "convnext_base_in22k",
    "checkpoint_epoch": 7,
    "checkpoint_best_acc": 0.6895454545454546,
    "checkpoint_best_auc": 0.7607082644628099,
    "metrics": {
        "accuracy": 0.5062,
        "precision": 0.6476190476190476,
        "recall": 0.0272,
        "f1": 0.052207293666026874,
        "roc_auc": 0.63513402,
        "ap": 0.6053957417112209,
        "best_accuracy": 0.552,
        "best_threshold": 0.01,
        "real_accuracy": 0.9852,
        "fake_accuracy": 0.0272,
        "n_test": 40000
    },
    "timestamp": "2025-12-12T07:23:55.799147"
}