{
    "mode": "single-multi",
    "train_size": 300,
    "train_gen": "Midjourney",
    "test_gen": null,
    "seed": 42,
    "model_type": "LatentTrajectoryClassifier",
    "clip_type": "convnext_base_in22k",
    "checkpoint_epoch": 14,
    "checkpoint_best_acc": 0.6959090909090909,
    "checkpoint_best_auc": 0.748592561983471,
    "metrics": {
        "accuracy": 0.5093,
        "precision": 0.5574783683559951,
        "recall": 0.0902,
        "f1": 0.15527629540368393,
        "roc_auc": 0.6229555200000001,
        "ap": 0.5758389505498676,
        "best_accuracy": 0.5582,
        "best_threshold": 0.01,
        "real_accuracy": 0.9284,
        "fake_accuracy": 0.0902,
        "n_test": 40000
    },
    "timestamp": "2025-12-12T07:01:32.015802"
}