{
    "mode": "single-multi",
    "train_size": 150,
    "train_gen": "BigGAN",
    "test_gen": null,
    "seed": 42,
    "model_type": "LatentTrajectoryClassifier",
    "clip_type": "convnext_base_in22k",
    "checkpoint_epoch": 2,
    "checkpoint_best_acc": 0.99,
    "checkpoint_best_auc": 0.9967851239669422,
    "metrics": {
        "accuracy": 0.5898,
        "precision": 0.9638429752066116,
        "recall": 0.1866,
        "f1": 0.31266756032171583,
        "roc_auc": 0.8273432600000001,
        "ap": 0.8374223992095193,
        "best_accuracy": 0.6091,
        "best_threshold": 0.01,
        "real_accuracy": 0.993,
        "fake_accuracy": 0.1866,
        "n_test": 40000
    },
    "timestamp": "2025-12-12T06:47:22.141719"
}