{
    "mode": "single-multi",
    "train_size": 625,
    "train_gen": "glide",
    "test_gen": null,
    "seed": 42,
    "model_type": "LatentTrajectoryClassifier",
    "clip_type": "convnext_base_in22k",
    "checkpoint_epoch": 4,
    "checkpoint_best_acc": 0.9940909090909091,
    "checkpoint_best_auc": 0.9993314049586777,
    "metrics": {
        "accuracy": 0.6945,
        "precision": 0.9826302729528535,
        "recall": 0.396,
        "f1": 0.5645046329294369,
        "roc_auc": 0.94471908,
        "ap": 0.9443017958951154,
        "best_accuracy": 0.7944,
        "best_threshold": 0.01,
        "real_accuracy": 0.993,
        "fake_accuracy": 0.396,
        "n_test": 40000
    },
    "timestamp": "2025-12-12T06:57:29.087875"
}