{
    "mode": "single-multi",
    "train_size": 150,
    "train_gen": "Midjourney",
    "test_gen": null,
    "seed": 42,
    "model_type": "LatentTrajectoryClassifier",
    "clip_type": "convnext_base_in22k",
    "checkpoint_epoch": 11,
    "checkpoint_best_acc": 0.6618181818181819,
    "checkpoint_best_auc": 0.7135330578512397,
    "metrics": {
        "accuracy": 0.4931,
        "precision": 0.46620959843290893,
        "recall": 0.0952,
        "f1": 0.15811327022089353,
        "roc_auc": 0.56181862,
        "ap": 0.5204334696496062,
        "best_accuracy": 0.523,
        "best_threshold": 0.01,
        "real_accuracy": 0.891,
        "fake_accuracy": 0.0952,
        "n_test": 40000
    },
    "timestamp": "2025-12-12T06:59:30.718861"
}