{
    "mode": "single-multi",
    "train_size": 150,
    "train_gen": "glide",
    "test_gen": null,
    "seed": 42,
    "model_type": "LatentTrajectoryClassifier",
    "clip_type": "convnext_base_in22k",
    "checkpoint_epoch": 7,
    "checkpoint_best_acc": 0.9836363636363636,
    "checkpoint_best_auc": 0.9968466942148762,
    "metrics": {
        "accuracy": 0.67,
        "precision": 0.9675467546754676,
        "recall": 0.3518,
        "f1": 0.5159870929891464,
        "roc_auc": 0.875175,
        "ap": 0.885113019405648,
        "best_accuracy": 0.7011,
        "best_threshold": 0.01,
        "real_accuracy": 0.9882,
        "fake_accuracy": 0.3518,
        "n_test": 40000
    },
    "timestamp": "2025-12-12T06:53:26.233747"
}