{
    "mode": "single-multi",
    "train_size": 150,
    "train_gen": "stable_diffusion_v_1_4",
    "test_gen": null,
    "seed": 42,
    "model_type": "LatentTrajectoryClassifier",
    "clip_type": "convnext_base_in22k",
    "checkpoint_epoch": 12,
    "checkpoint_best_acc": 0.725,
    "checkpoint_best_auc": 0.7840219008264463,
    "metrics": {
        "accuracy": 0.5064,
        "precision": 0.5414507772020726,
        "recall": 0.0836,
        "f1": 0.14483714483714483,
        "roc_auc": 0.5687772600000001,
        "ap": 0.545578141632675,
        "best_accuracy": 0.5371,
        "best_threshold": 0.01,
        "real_accuracy": 0.9292,
        "fake_accuracy": 0.0836,
        "n_test": 40000
    },
    "timestamp": "2025-12-12T07:05:34.402106"
}